stu_code,stu_gend,Disability,scj_crsc,scj_moac,stu_hqlc,Age,Class,spr_levc,Tariff,Yr1Mark,FinalMark,MitClaims,StuSup
1600016,F,No,BAAAH,FT,C90,21,4,L6,500,68.8,69.4,0,11
1600044,F,No,BAAAH,FT,P42,21,2,L6,540,71.45,67.08,1,1
1600049,F,No,BAAAH,FT,P50,21,7,L6,280,67.35,69.3,0,0
1600053,F,No,BAAAH,FT,P50,21,7,L6,400,71.1,74.1,0,3
1600075,F,Yes,BAAAH,FT,P42,22,6,L6,365,72.55,71.3,0,1
1600079,F,No,BAAAH,FT,Q80,21,1,L6,240,51.65,63.58,0,2
1600083,F,Yes,BAPESEC,FT,HUK,20,6,L6,310,60.38,70.18,0,28
1600107,F,No,BAAAH,FT,P50,21,5,L6,370,67.9,65.48,1,31
1600108,M,No,BAAAH,FT,P50,22,9,L6,490,65.45,64.1,0,0
1600117,F,No,BABM,FT,P50,20,3,L6,290,72.88,65.03,0,20
1600118,M,No,BAAAH,FT,P50,21,3,L6,590,70.1,66.5,0,0
1600132,F,No,BSCPSYCH,FT,P50,21,2,L6,350,74.75,73.25,0,3
1600133,F,Yes,BSCSPEX,FT,P50,21,1,L6,340,67,75.23,0,12
1600135,M,No,BAAAH,FT,P50,21,3,L6,260,66.5,66.45,0,0
1600141,F,No,BSCSPTH,FT,P50,20,2,L6,220,54.38,60.98,0,0
1600145,F,No,BAAAH,FT,P50,20,2,L6,380,69.85,69.8,0,0
1600154,F,Yes,BAAAH,FT,P50,21,2,L6,430,59.8,73.55,2,18
1600154,F,Yes,BAAAH,FT,P50,21,2,L6,430,57.13,73.55,2,18
1600160,F,No,BAAAH,FT,Q80,21,9,L6,140,59.6,60,1,53
1600167,F,No,BAEDUC,FT,P50,22,6,L6,410,64.29,67.18,0,0
1600170,F,No,BAPESEC,FT,P50,20,9,L6,280,71.5,68,0,0
1600180,M,Yes,BAAAH,FT,P42,21,9,L6,460,57.65,62.7,0,13
1600182,M,No,BAAAH,FT,HUK,21,1,L6,240,65.45,65.3,0,1
1600194,M,No,BSCPOL,FT,P50,21,1,L6,200,57.65,60.58,0,0
1600198,F,No,BAAAH,FT,P50,21,9,L6,300,68.13,69.88,0,1
1600198,F,No,BAAAH,FT,P50,21,9,L6,300,69.05,69.88,0,1
1600200,F,No,BAAAH,FT,HUK,20,4,L6,360,70.95,68.85,0,2
1600202,M,No,BAAAH,FT,HUK,21,6,L6,250,59.7,56.78,0,0
1600209,F,No,BAPESEC,FT,P50,21,1,L6,240,56,61.55,0,32
1600219,F,No,BAAAH,FT,P50,21,2,L6,390,58.25,62.8,2,0
1600219,F,No,BAAAH,FT,P50,21,2,L6,390,59.5,62.8,2,0
1600223,M,No,BAAAH,FT,P50,21,3,L6,260,61.5,58.9,0,0
1600242,F,No,BAAAH,FT,P50,21,1,L6,260,60.2,62.9,0,0
1600244,F,Yes,BSBM,FT,P42,21,4,L6,300,59,52.15,1,33
1600246,M,No,BAAAH,FT,P50,21,3,L6,420,78.7,73.23,0,23
1600264,F,No,BAAAH,FT,P50,20,9,L6,350,65.7,66,0,0
1600266,F,Yes,BSBM,FT,P50,21,9,L6,260,65.5,71.26,2,63
1600275,F,No,BASPST,FT,P50,21,7,L6,340,68.38,69.83,0,0
1600290,M,No,BAAAH,FT,HUK,21,9,L6,260,65.8,66.08,0,1
1600315,F,No,BAPESC,FT,P41,21,3,L6,450,44.13,53.9,0,5
1600316,M,No,BSCSPSCO,FT,P41,20,1,L6,450,51.5,64.15,0,0
1600319,M,Yes,BAPESC,FT,P50,21,1,L6,280,57.25,66.28,0,12
1600323,F,No,BAAAH,FT,P50,20,2,L6,480,59.7,63.6,0,7
1600332,M,No,BAPESEC,FT,H11,21,5,L6,330,68.13,66.4,1,0
1600362,M,No,BSCSPEX,FT,HUK,21,1,L6,300,72.75,71.08,0,1
1600379,F,No,BSCSPTH,FT,HUK,21,4,L6,220,61.75,58.65,0,0
1600380,F,No,BAAAH,FT,P50,21,3,L6,300,67.55,64.63,0,0
1600398,M,No,BAEDSENDS,FT,P50,21,9,L6,,59.75,59.63,0,0
1600406,F,Yes,BAAAH,FT,P50,20,6,L6,560,61.75,68.43,0,17
1600413,M,Yes,BASPBUSMAN,FT,P50,21,1,L6,,62.25,66.18,1,22
1600416,M,No,BSCSPTH,FT,P50,21,1,L6,400,59.63,58.08,0,0
1600422,F,Yes,BSCSPEX,FT,P50,21,3,L6,270,55,66.93,2,13
1600424,M,No,BAAAH,FT,P50,21,2,L6,390,72.15,68.83,0,0
1600431,F,No,BAAAH,FT,P50,21,2,L6,300,60.7,62.88,2,0
1600433,F,No,BAAAH,FT,P50,21,1,L6,190,66.7,65.53,0,0
1600448,F,No,BAAAH,FT,HUK,21,6,L6,230,60.35,63.8,1,3
1600465,F,No,BAPESEC,FT,Q80,21,3,L6,380,53,62.05,0,0
1600487,F,No,BAAAH,FT,P50,21,9,L6,340,63.1,67.38,0,1
1600502,F,Yes,BAAAH,FT,HUK,21,2,L6,340,64.3,63.83,2,45
1600507,F,No,BAAAH,FT,P42,21,6,L6,290,57.5,56.55,0,2
1600517,M,No,BAPESEC,FT,HUK,21,2,L6,380,69.13,74,0,0
1600521,M,No,BASPBUSMAN,FT,X04,20,2,L6,,59.5,61,0,4
1600539,F,Yes,BAAAH,FT,P50,20,2,L6,,57.63,53.6,1,141
1600545,F,No,BAAAH,FT,HUK,21,2,L6,380,65.25,63.85,0,0
1600564,F,No,BABM,FT,Q80,21,9,L6,31,60.5,68.53,0,2
1600584,M,Yes,BSCSPSCO,FT,P50,21,9,L6,300,48.25,59.28,0,6
1600592,F,No,BAAAH,FT,P50,21,2,L6,280,65.25,71.18,0,5
1600596,F,Yes,BAAAH,FT,P50,21,2,L6,260,63.7,66.13,0,30
1600618,F,Yes,BSCSPTH,FT,P50,21,2,L6,660,53.38,58.38,0,44
1600624,F,No,BAPESEC,FT,HUK,20,1,L6,310,62.25,65.28,0,1
1600628,F,No,BAPESEC,FT,HUK,21,6,L6,420,56,56,1,44
1600637,F,No,BAEDSENDS,FT,HUK,21,1,L6,180,63.25,69.6,0,8
1600639,F,No,BAAAH,FT,P50,21,1,L6,200,65.4,61.75,0,3
1600640,F,No,BAAAH,FT,P50,21,1,L6,405,57.65,66.4,0,0
1600648,M,No,BAPESEC,FT,P50,21,2,L6,200,49.5,60.43,0,1
1600652,F,No,BACOMMU,FT,HUK,20,7,L6,320,64.13,66.53,0,0
1600653,M,No,BAAAH,FT,P41,21,9,L6,380,68.6,68.1,1,21
1600660,F,No,BAAAH,FT,P42,21,2,L6,200,57,56.4,0,4
1600665,F,Yes,BAAAH,FT,P50,21,5,L6,350,61.15,63.25,0,3
1600679,F,No,BAPESEC,FT,M71,21,1,L6,240,59.38,69.3,0,0
1600681,M,No,BSCSPSCO,FT,P50,21,9,L6,120,52.5,57.3,1,0
1600696,F,No,BAAAH,FT,P50,21,2,L6,250,63.55,57.78,1,41
1600698,F,No,BAAAH,FT,P50,21,2,L6,290,59.15,60.43,1,24
1600721,F,Yes,BAAAH,FT,HUK,22,1,L6,,61.13,61.5,3,10
1600726,F,No,BAAAH,FT,P42,23,5,L6,390,73.55,68.58,0,0
1600736,M,No,BAPESEC,FT,HUK,21,1,L6,360,63.63,68.33,0,0
1600741,F,No,BAAAH,FT,P50,20,7,L6,310,59.8,58.98,2,20
1600759,M,No,BAPESEC,FT,P50,21,2,L6,200,61.5,59.5,0,0
1600774,F,No,BAAAH,FT,P50,21,1,L6,350,62.1,65.28,0,0
1600774,F,No,BAAAH,FT,P50,21,1,L6,350,60.75,65.28,0,0
1600783,M,Yes,BAAAH,FT,Q80,21,3,L6,160,62.85,63.1,0,7
1600790,F,No,BAPESC,FT,HUK,21,1,L6,360,66.13,66.08,0,0
1600796,M,No,BSCSPSCO,FT,H11,23,1,L6,240,60.75,67.13,0,0
1600801,F,No,BAAAH,FT,C30,28,6,L6,,67.7,71.55,0,0
1600803,F,No,BAAAH,FT,P50,20,2,L6,300,69.75,63.88,0,2
1600820,F,No,BSBM,FT,P93,21,7,L6,390,74.88,79.94,0,4
1600828,F,No,BAEDUC,FT,P50,21,6,L6,370,65.29,69.53,0,0
1600832,M,No,BASPBUSMAN,FT,P50,21,1,L6,270,65.25,63.1,0,0
1600842,M,No,BAPEPRI,FT,Q80,21,1,L6,340,53.38,56.55,0,10
1600844,M,No,BSCSPEX,FT,HUK,21,1,L6,170,63.25,63.45,0,0
1600848,F,No,BASPST,FT,P50,21,2,L6,180,53.5,59.3,0,1
1600865,M,No,BSCSPTH,FT,P50,22,2,L6,360,45.38,50.13,0,0
1600875,F,No,BAAAH,FT,P50,21,1,L6,220,63.7,57.88,0,0
1600894,F,No,BSCSPTH,FT,P50,21,6,L6,370,57.25,63.6,0,0
1600895,F,No,BAPESEC,FT,HUK,21,2,L6,230,59,58.33,2,1
1600909,F,No,BAAAH,FT,P50,22,2,L6,240,73.75,67.4,0,1
1600912,F,No,BAAAH,FT,P50,20,9,L6,370,67.5,65.6,0,1
1600917,M,No,BAPESEC,FT,HUK,21,2,L6,240,60.38,58.58,1,0
1600918,F,Yes,BAAAH,FT,P41,21,7,L6,360,60.85,59.45,1,32
1600918,F,Yes,BAAAH,FT,P41,21,7,L6,360,57.88,59.45,1,32
1600931,F,No,BAPESC,FT,HUK,21,9,L6,420,55.88,62.6,0,0
1600939,F,No,BAAAH,FT,P50,21,2,L6,190,59.65,62.75,0,0
1600944,F,Yes,BSCSPEX,FT,P41,21,2,L6,380,56,61.98,0,30
1600955,F,No,BSCPSYCH,FT,P50,20,3,L6,380,75,69.93,0,0
1600965,M,Yes,BAAAH,FT,P50,21,1,L6,280,61.65,63.3,0,155
1600973,F,No,BAAAH,FT,P50,21,9,L6,390,52.8,66.1,0,1
1600975,F,No,BAAAH,FT,P50,21,2,L6,260,73.65,71.03,0,7
1600977,F,Yes,BAAAH,FT,P50,22,3,L6,360,63.35,69.33,0,19
1600982,F,No,BSCSPTH,FT,HUK,21,1,L6,380,71.13,66.9,0,2
1600983,F,No,BAAAH,FT,P42,21,1,L6,470,63.45,69.18,0,0
1600989,F,No,BAAAH,FT,P50,21,9,L6,240,76.9,64.1,0,2
1600999,F,No,BAAAH,FT,P50,22,4,L6,300,67.4,67,1,10
1601005,F,No,BAAAH,FT,P50,21,3,L6,355,65.6,62.2,0,0
1601038,F,No,BAAAH,FT,P41,20,4,L6,500,69.9,71.85,0,0
1601056,F,Yes,BAAAH,FT,P50,21,3,L6,360,63.6,70.8,0,29
1601059,F,Yes,BACHILDFAM,FT,P50,22,1,L6,420,54.33,68.13,2,257
1601061,F,No,BAAAH,FT,P41,20,4,L6,380,59.5,62.13,1,18
1601062,F,No,BAAAH,FT,P80,21,2,L6,380,66.85,60.65,1,22
1601064,F,Yes,BAAAH,FT,HUK,20,2,L6,240,57.4,61.4,0,29
1601088,F,No,BSCSEPS,FT,P50,21,2,L6,300,69.88,70.6,0,8
1601090,F,No,BAAAH,FT,P50,21,1,L6,280,63.8,66.73,0,23
1601091,F,No,BAAAH,FT,P42,21,2,L6,500,60.8,63.38,0,5
1601100,M,No,BSCSEPS,FT,P50,22,3,L6,340,68,72.05,0,0
1601112,F,No,BAAAH,FT,P50,20,2,L6,360,65.8,65.93,0,0
1601115,F,Yes,BAAAH,FT,P50,21,1,L6,380,62.85,63,0,37
1601120,F,Yes,BSCMAML,FT,P50,22,2,L6,152,56.75,63.83,2,43
1601132,F,No,BSCSPTH,FT,P50,21,5,L6,310,67.13,63.73,1,5
1601137,F,Yes,BAAAH,FT,C90,21,2,L6,390,68.45,67.38,1,36
1601141,F,No,BAPESEC,FT,HUK,21,1,L6,260,64.88,66.73,1,9
1601147,F,No,BAAAH,FT,HUK,21,5,L6,580,70.13,67.58,0,3
1601147,F,No,BAAAH,FT,HUK,21,5,L6,580,70.7,67.58,0,3
1601150,M,No,BAPESEC,FT,HUK,20,3,L6,,62,67.17,0,4
1601151,M,No,BSCSPTH,FT,P41,21,1,L6,360,51.38,63.13,1,45
1601154,F,No,BAAAH,FT,P50,21,4,L6,355,73.15,64.25,0,23
1601177,F,No,BAAAH,FT,P50,20,4,L6,380,61.05,64.8,0,7
1601184,F,No,BAAAH,FT,P50,21,2,L6,255,66.55,65.15,0,1
1601187,M,No,BAAAH,FT,P50,21,7,L6,,51.88,66.56,0,0
1601189,M,No,BSCSEPS,FT,P50,21,2,L6,320,59.5,58.9,0,2
1601199,M,No,BSCSPEX,FT,HUK,21,2,L6,250,59.5,62.28,0,1
1601209,M,No,BAAAH,FT,Q80,31,2,L6,,64.3,68,0,1
1601214,M,No,BAAAH,FT,P50,21,1,L6,260,63.95,63.13,0,0
1601230,M,No,BAAAH,FT,Q80,22,7,L6,420,68,66.55,0,0
1601241,M,No,BAPESEC,FT,HUK,21,2,L6,160,68.75,67.03,0,1
1601247,F,Yes,BAAAH,FT,P50,21,1,L6,270,66.75,66.4,0,7
1601247,F,Yes,BAAAH,FT,P50,21,1,L6,270,67.85,66.4,0,7
1601251,M,No,BSCSPEX,FT,P50,21,2,L6,310,59.5,65.95,0,1
1601262,M,No,BAAAH,FT,P50,22,1,L6,360,66.3,68,0,22
1601264,F,No,BAAAH,FT,Q80,21,9,L6,500,64.35,65.95,1,3
1601265,M,No,BSCSPSCO,FT,P41,21,1,L6,,56,63.69,0,5
1601273,M,No,BAAAH,FT,P50,21,6,L6,280,67.45,66.25,0,1
1601301,M,No,BSCSPEX,FT,JUK,21,2,L6,450,47.75,52.65,1,6
1601329,F,No,BAAAH,FT,P50,21,3,L6,240,58.25,60.68,0,1
1601335,F,Yes,BAAAH,FT,P80,22,2,L6,,56.95,57.75,1,26
1601341,M,No,BAAAH,FT,P50,21,6,L6,240,62.55,59.7,0,17
1601352,F,No,BAEDUC,FT,P50,21,5,L6,220,54.86,53.83,0,2
1601357,F,Yes,BAAAH,FT,Q80,53,9,L6,,64,66.1,0,31
1601367,F,Yes,BAAAH,FT,P41,22,2,L6,430,65.7,68.1,1,13
1601383,F,No,BAPESC,FT,HUK,21,2,L6,330,59.38,76.13,0,6
1601388,F,No,BSCSPTH,FT,HUK,21,5,L6,420,50.13,61.88,2,45
1601402,M,Yes,BAAAH,FT,P50,21,4,L6,260,61.2,62.85,0,0
1601404,M,No,BSCSEPS,FT,P41,22,2,L6,380,46.75,52.45,0,0
1601407,F,No,BAAAH,FT,P50,21,2,L6,450,69.15,70.68,0,0
1601422,F,No,BAAAH,FT,P50,21,6,L6,160,59.65,57.13,0,8
1601423,F,No,BAAAH,FT,P50,22,4,L6,450,62.75,63.73,0,0
1601424,F,No,BASPST,FT,P46,21,3,L6,400,61.38,64.18,0,1
1601436,F,No,BAAAH,FT,P50,21,7,L6,345,66.6,68.95,0,0
1601457,F,Yes,BAAAH,FT,P50,20,1,L6,600,64.4,65.93,1,23
1601460,F,Yes,BAAAH,FT,P50,21,2,L6,,63.38,60,0,2
1601464,M,No,BAAAH,FT,P50,22,3,L6,260,62.65,64.95,0,0
1601472,M,No,BAAAH,FT,P50,21,1,L6,410,64.8,64.48,0,1
1601473,F,No,BAAAH,FT,P50,21,1,L6,320,56.65,67.93,0,0
1601505,M,No,BAPESEC,FT,P50,21,3,L6,300,58.38,64.1,0,0
1601523,F,Yes,BAAAH,FT,P50,20,4,L6,,66.88,68.66,0,14
1601526,F,No,BAAAH,FT,P50,21,1,L6,280,68.6,62,0,9
1601527,F,No,BAPESEC,FT,P50,21,5,L6,180,54.5,52.65,1,20
1601528,F,Yes,BSCSEPS,FT,HUK,20,4,L6,,49,57.88,0,33
1601534,F,No,BAAAH,FT,HUK,22,1,L6,350,62.5,61.25,2,28
1601539,F,Yes,BAAAH,FT,HUK,21,6,L6,240,57.35,58.28,1,21
1601548,F,No,BAAAH,FT,P42,20,4,L6,305,64.7,61.4,0,2
1601554,M,No,BAPESEC,FT,P41,20,9,L6,340,59.63,63.6,0,0
1601561,F,No,BAAAH,FT,P50,21,2,L6,240,67,65.85,0,3
1601578,F,No,BAAAH,FT,P50,20,2,L6,290,62.05,63.83,0,2
1601595,F,No,BAAAH,FT,P42,21,2,L6,340,58.7,58.58,0,0
1601617,M,Yes,BASPDEVCO,FT,P50,21,2,L6,400,48.88,48.58,1,174
1601618,F,No,BAPESEC,FT,Q80,21,2,L6,420,54.13,55.78,0,11
1601621,F,No,BAAAH,FT,P50,21,2,L6,200,59.75,60.18,0,3
1601625,F,No,BAAAH,FT,P80,21,1,L6,480,59.15,64.85,0,0
1601636,F,No,BAAAH,FT,P50,20,2,L6,500,59.45,63.25,0,2
1601653,M,No,BASPDEVCO,FT,P41,25,6,L6,400,54.25,62.5,0,0
1601666,F,No,BAAAH,FT,P41,21,6,L6,500,60.5,61.1,0,15
1601682,F,No,BAAAH,FT,P50,22,9,L6,180,60.3,62.18,0,3
1601695,F,No,BAAAH,FT,P50,21,2,L6,200,53.38,58.03,2,0
1601695,F,No,BAAAH,FT,P50,21,2,L6,200,55.95,58.03,2,0
1601705,F,No,BAAAH,FT,P50,21,1,L6,215,73.25,66.8,1,19
1601709,F,No,BAAAH,FT,P50,21,5,L6,410,71.65,71.68,0,0
1601723,F,No,BAAAH,FT,P50,21,4,L6,280,62.75,62.65,0,3
1601729,F,No,BSCPSYCH,FT,P50,21,1,L6,240,61.88,62.1,2,5
1601731,F,No,BAAAH,FT,P50,21,4,L6,370,66.15,63.83,0,6
1601745,F,No,BSCSPEX,FT,Q80,20,1,L6,260,63.5,72.3,0,3
1601756,M,Yes,BAAAH,FT,P50,21,1,L6,320,61.3,56.1,1,24
1601767,F,No,BAAAH,FT,P50,20,4,L6,250,64.5,65.78,0,0
1601789,M,No,BAAAH,FT,P50,22,9,L6,260,66.65,65.53,0,0
1601790,M,Yes,BSCSPTH,FT,P50,21,9,L6,200,52.75,62.05,0,6
1601803,M,Yes,BAAAH,FT,P51,20,2,L6,240,65.85,67.65,0,24
1601827,F,No,BAPESEC,FT,P50,22,2,L6,,,69.73,0,0
1601834,F,No,BAPEPRI,FT,P47,21,5,L6,450,70.63,66.25,0,0
1601842,F,No,BAPESEC,FT,C90,21,7,L6,310,66.5,67.23,2,7
1601847,F,Yes,BAAAH,FT,P41,21,3,L6,320,56.55,59.3,0,37
1601856,M,Yes,BASPBUSMAN,FT,P51,21,1,L6,420,56.75,60.5,0,40
1601864,F,No,BAAAH,FT,P42,21,6,L6,320,57.45,58.1,0,2
1601866,F,No,BAAAH,FT,P42,22,9,L6,300,59.35,60.58,0,19
1601869,M,No,BAAAH,FT,P50,21,2,L6,365,67.5,65.25,0,0
1601874,F,No,BAAAH,FT,P50,21,2,L6,340,62.35,64.9,0,0
1601876,F,No,BAAAH,FT,P50,20,2,L6,,61.63,64.33,0,0
1601878,F,Yes,BAAAH,FT,P50,20,2,L6,250,59.45,58.13,0,15
1601892,F,No,BAAAH,FT,P41,21,9,L6,420,63.4,61.85,0,0
1601899,F,Yes,BAAAH,FT,P41,21,4,L6,340,73.5,70.38,0,114
1601909,M,No,BAAAH,FT,P50,26,7,L6,280,68.15,68.95,0,0
1601910,F,No,BAAAH,FT,P50,20,5,L6,360,59.7,70.98,0,0
1601936,M,No,BACOMMU,FT,P46,21,2,L6,360,63,59.98,0,0
1601948,F,No,BAAAH,FT,Q80,21,6,L6,420,65,69.98,1,16
1601950,M,No,BAAAH,FT,P50,21,2,L6,280,66.35,68.78,0,3
1601955,F,Yes,BAAAH,FT,P41,21,6,L6,380,53.1,65.03,1,33
1601967,F,Yes,BAAAH,FT,P50,21,1,L6,260,57.15,64.75,0,64
1601968,F,Yes,BSCSPEX,FT,P50,21,6,L6,430,62.25,63.85,0,3
1601974,M,No,BSCSEPS,FT,HUK,21,3,L6,240,60.5,69.45,0,0
1601980,F,No,BAAAH,FT,P50,21,4,L6,390,61.4,62.3,0,1
1601990,M,No,BAAAH,FT,P42,21,3,L6,350,73.75,63.05,0,1
1601994,F,No,BAAAH,FT,P80,21,1,L6,460,58.35,63.4,0,3
1602007,M,No,BSCSPEX,FT,P41,23,2,L6,420,56.5,60.18,0,0
1602008,F,No,BAAAH,FT,P50,20,2,L6,540,69,69.85,0,3
1602011,F,No,BAAAH,FT,P50,21,6,L6,240,63.15,68.03,0,16
1602013,F,No,BAAAH,FT,P50,21,3,L6,,60.5,61.91,0,8
1602029,F,No,BAAAH,FT,P42,21,3,L6,360,67.85,67.13,0,0
1602030,F,No,BAAAH,FT,P41,21,5,L6,280,50.5,61.08,0,0
1602036,F,No,BAAAH,FT,P42,21,1,L6,390,65.4,62.2,0,2
1602044,M,No,BAPESC,FT,P50,20,2,L6,240,59,74.35,0,0
1602058,F,No,BAAAH,FT,JUK,21,9,L6,200,56.4,63.5,0,25
1602061,F,No,BAAAH,FT,HUK,21,6,L6,220,63.1,63.48,0,8
1602070,F,Yes,BAAAH,FT,P41,21,1,L6,390,63.55,62.4,0,23
1602072,M,No,BAAAH,FT,P41,21,2,L6,420,69.54,76.98,0,41
1602085,F,No,BAPESEC,FT,HUK,21,6,L6,370,59.5,61.75,0,0
1602106,M,No,BAAAH,FT,P41,20,1,L6,360,67.8,65.68,0,0
1602120,M,No,BAAAH,FT,P50,21,9,L6,320,68.1,66.4,0,1
1602125,M,No,BAPEPRI,FT,H11,22,6,L6,450,54.5,58.93,0,6
1602126,F,No,BAAAH,FT,P50,21,1,L6,220,49.3,59.75,0,0
1602130,F,No,BAPESEC,FT,Q80,20,3,L6,420,51.88,52.75,0,0
1602139,F,No,BAAAH,FT,P41,21,1,L6,400,59.95,58.75,0,2
1602141,F,No,BAAAH,FT,P50,21,3,L6,250,68,68.23,0,0
1602148,F,No,BAPESC,FT,HUK,21,1,L6,230,63.13,70.28,0,0
1602150,F,No,BSCSPEX,FT,HUK,20,9,L6,380,58.5,60.73,0,0
1602171,F,No,BAAAH,FT,P50,22,1,L6,,64.35,65.85,0,1
1602178,F,No,BAEDUC,FT,P50,22,4,L6,220,54,56.75,0,0
1602184,F,Yes,BAAAH,FT,P93,21,2,L6,,66.5,68.14,0,4
1602195,F,No,BAAAH,FT,P50,21,7,L6,280,62.7,63.1,0,0
1602210,M,Yes,BAPESC,FT,Q80,22,1,L6,350,46.88,50.18,0,19
1602212,F,Yes,BACHILDFAM,FT,P41,28,9,L6,240,55.33,50.5,0,35
1602213,M,No,BAAAH,FT,P50,22,2,L6,260,65.3,67.05,0,0
1602214,F,No,BSCSEPS,FT,HUK,21,3,L6,200,72.25,73.38,0,0
1602220,M,No,BSCSPEX,FT,P50,22,3,L6,270,61,55.95,0,0
1602223,F,No,BAAAH,FT,P42,21,6,L6,280,61.95,60.68,0,2
1602225,F,No,BASPBUSMAN,FT,P41,21,2,L6,420,64.88,67.13,0,0
1602226,F,No,BAAAH,FT,P42,21,3,L6,300,46.75,50.9,0,0
1602226,F,No,BAAAH,FT,P42,21,3,L6,300,46.13,50.9,0,0
1602229,M,No,BAAAH,FT,Q80,21,6,L6,280,67.2,61.65,0,0
1602233,F,No,BAAAH,FT,P50,21,1,L6,380,64.8,66.75,1,3
1602240,F,No,BAAAH,FT,P50,21,9,L6,160,47.6,46.6,0,0
1602240,F,No,BAAAH,FT,P50,21,9,L6,160,46.38,46.6,0,0
1602243,M,No,BAAAH,FT,P50,20,1,L6,375,71.8,63.9,0,1
1602248,F,No,BSCPSYCH,FT,P50,21,4,L6,220,67.75,68.53,0,9
1602263,F,No,BAAAH,FT,P50,21,2,L6,350,65.45,67.93,0,17
1602273,F,No,BAAAH,FT,HUK,21,3,L6,300,56.8,66.25,0,2
1602279,F,Yes,BAAAH,FT,P41,23,9,L6,320,63.85,63.6,0,36
1602290,F,No,BAAAH,FT,P50,21,1,L6,470,71,69,0,0
1602300,F,No,BSCSPTH,FT,P80,21,3,L6,400,52.88,59.53,0,0
1602304,F,No,BAPESEC,FT,P50,22,6,L6,300,67.75,60.53,1,29
1602307,F,No,BSCSPTH,FT,HUK,21,3,L6,420,71.75,69.9,0,0
1602316,F,No,BAAAH,FT,P41,21,2,L6,400,62.75,69,1,6
1602321,F,No,BAAAH,FT,Q80,21,2,L6,380,61.55,59.7,0,0
1602322,M,No,BSCSEPS,FT,HUK,21,1,L6,220,55.75,65.65,0,0
1602336,M,Yes,BAPESC,FT,P41,21,1,L6,360,58.25,56.75,0,31
1602341,F,No,BAAAH,FT,P51,21,5,L6,730,70.1,67.3,0,12
1602342,F,No,BAAAH,FT,P80,20,3,L6,480,53.7,57.8,1,16
1602342,F,No,BAAAH,FT,P80,20,3,L6,480,52.38,57.8,1,16
1602346,M,No,BAAAH,FT,P41,21,3,L6,320,60.7,62.45,0,0
1602374,M,No,BAOUTAD,FT,P62,20,2,L6,32,63.75,62.49,0,1
1602378,F,No,BAAAH,FT,P93,21,6,L6,,60.75,64.6,0,0
1602390,F,No,BSCPSYCH,FT,P50,21,2,L6,300,66.63,65.15,2,38
1602395,F,No,BAAAH,FT,P50,21,3,L6,430,66.25,64.8,0,0
1602409,F,No,BAAAH,FT,P50,20,1,L6,360,65.7,67.23,1,1
1602413,F,No,BSCSPEX,FT,P50,21,3,L6,460,59.5,61.38,0,25
1602423,F,No,BAAAH,FT,P50,21,3,L6,290,62.9,64.65,1,24
1602431,F,No,BAAAH,FT,P41,20,6,L6,,64.5,61.5,0,0
1602455,F,No,BAAAH,FT,P41,21,5,L6,420,64.4,62.43,0,2
1602462,M,No,BSCPOL,FT,P50,21,3,L6,260,61.8,63.83,0,1
1602472,F,No,BSCSPTH,FT,Q80,21,3,L6,420,56.75,61.03,0,0
1602482,F,No,BAAAH,FT,P41,21,3,L6,430,57.95,58.35,0,1
1602499,F,No,BAAAH,FT,P50,20,2,L6,320,62.35,61.98,0,1
1602513,M,Yes,BAAAH,FT,P50,21,9,L6,270,55.95,56.03,1,5
1602546,M,No,BAAAH,FT,HUK,23,2,L6,120,62.4,67.23,0,4
1602556,F,No,BSCSPTH,FT,P41,22,5,L6,360,50.13,51.88,0,1
1602562,F,Yes,BSCSPTH,FT,P80,21,1,L6,420,52.88,54.13,0,4
1602564,F,No,BAAAH,FT,P50,21,2,L6,260,58.35,61.55,0,0
1602567,F,No,BAAAH,FT,P50,20,3,L6,240,63.3,64.55,0,0
1602595,F,No,BAAAH,FT,HUK,21,2,L6,,66.75,63.86,0,0
1602596,M,No,BABM,FT,P50,21,2,L6,140,62.5,57.85,0,0
1602610,F,No,BACOMMU,FT,Q80,21,6,L6,240,62.38,58.83,0,0
1602620,F,Yes,BAAAH,FT,P42,21,2,L6,280,61.35,62.25,0,29
1602620,F,Yes,BAAAH,FT,P42,21,2,L6,280,59.88,62.25,0,29
1602623,F,Yes,BAAAH,FT,P50,21,6,L6,380,64.3,64.3,0,40
1602631,F,No,BAAAH,FT,C90,20,3,L6,240,61,62.75,1,17
1602635,F,No,BAAAH,FT,P50,21,9,L6,,65,66.94,0,15
1602640,F,No,BAAAH,FT,P50,21,6,L6,260,60.6,67.75,0,1
1602647,F,Yes,BAAAH,FT,P50,22,1,L6,320,62.8,65.28,0,34
1602683,F,No,BAPESEC,FT,HUK,21,2,L6,260,62.25,57.35,0,0
1602687,M,No,BSCSEPS,FT,HUK,21,7,L6,240,64.25,68.13,0,0
1602689,F,No,BAAAH,FT,P41,21,6,L6,420,58.25,64.6,0,2
1602694,F,Yes,BAAAH,FT,P41,22,4,L6,,69.04,67.55,0,2
1602698,F,No,BABM,FT,HUK,20,6,L6,200,58.13,59.5,0,8
1602715,M,No,BSCSPEX,FT,Q80,21,6,L6,160,46,52.8,0,0
1602717,F,No,BAAAH,FT,Q80,21,9,L6,320,65.55,60.7,1,2
1602726,F,No,BAAAH,FT,Q80,20,2,L6,380,64.45,60.6,0,1
1602732,F,No,BAAAH,FT,P41,21,5,L6,,59.5,60.45,0,0
1602738,F,No,BAAAH,FT,P50,21,2,L6,280,64.75,66.75,0,4
1602739,M,Yes,BAPESC,FT,P42,22,1,L6,350,55,71.28,0,36
1602740,M,No,BSCPSYCH,FT,P50,50,1,L6,100,81.63,74.05,0,0
1602771,F,No,BAAAH,FT,P50,21,1,L6,295,60.55,59.9,0,19
1602784,F,Yes,BAAAH,FT,P50,22,4,L6,230,65,65.2,0,30
1602788,M,No,BAAAH,FT,P50,21,1,L6,350,60.55,60.4,0,2
1602812,F,No,BAAAH,FT,HUK,21,4,L6,260,64.35,66,0,0
1602813,F,No,BAAAH,FT,P50,21,6,L6,310,65.13,67.2,1,2
1602813,F,No,BAAAH,FT,P50,21,6,L6,310,66.35,67.2,1,2
1602822,F,No,BAAAH,FT,P41,21,2,L6,400,64.05,68.65,0,7
1602826,F,No,BAAAH,FT,P50,21,9,L6,300,61.7,56.58,0,0
1602835,F,No,BAAAH,FT,P50,21,2,L6,425,64.45,65.9,0,0
1602837,F,No,BAAAH,FT,P50,20,9,L6,400,55.7,59.15,0,1
1602848,F,No,BAAAH,FT,P50,20,4,L6,300,69.45,58.45,0,4
1602852,M,Yes,BAAAH,FT,HUK,22,1,L6,240,63.95,60.15,0,60
1602862,M,No,BAAAH,FT,HUK,22,1,L6,280,68.35,67.83,0,3
1602863,M,No,BASPDEVCO,FT,P50,22,2,L6,420,60.25,66.03,0,0
1602864,F,No,BSCMAML,FT,P50,21,1,L6,220,65.25,76.25,0,2
1602892,F,No,BAAAH,FT,P50,20,2,L6,,66,73.25,1,3
1602895,M,Yes,BAAAH,FT,HUK,21,3,L6,360,61.9,62.35,0,26
1602899,F,No,BAAAH,FT,HUK,20,3,L6,280,56.75,59.1,0,4
1602900,M,No,BAAAH,FT,Q80,20,6,L6,420,62.75,68.98,0,0
1602903,M,No,BASPDEVCO,FT,HUK,20,2,L6,460,53.5,53.95,0,0
1602906,F,No,BAAAH,FT,P50,21,7,L6,310,62.05,57.83,0,0
1602907,M,No,BASPDEVCO,FT,P50,21,2,L6,260,50,46.73,1,5
1602908,M,Yes,BAAAH,FT,HUK,21,9,L6,160,62.15,62.65,0,25
1602949,F,No,BAAAH,FT,P50,21,1,L6,,70.5,71.28,0,2
1602971,M,No,BAPESEC,FT,HUK,21,2,L6,420,70.25,70.23,0,10
1602982,M,No,BSCSPSCO,FT,P41,21,9,L6,320,48.5,58.9,0,0
1602992,F,No,BAAAH,FT,X04,20,9,L6,,56.05,61.65,1,10
1602992,F,No,BAAAH,FT,X04,20,9,L6,,55.13,61.65,1,10
1603027,M,No,BAAAH,FT,P50,20,2,L6,320,57.9,64.83,0,0
1603045,M,No,BAPESC,FT,Q80,22,9,L6,320,49.88,50.05,0,0
1603068,F,No,BAAAH,FT,P50,20,9,L6,320,47,57.93,0,31
1603068,F,No,BAAAH,FT,P50,20,9,L6,320,49,57.93,0,31
1603073,F,Yes,BAAAH,FT,P50,21,4,L6,320,65.1,65.15,0,23
1603075,F,Yes,BAAAH,FT,P41,21,2,L6,560,53.45,60.1,1,91
1603077,M,Yes,BSCCSPC,FT,P50,20,3,L6,290,62.88,61.48,0,25
1603082,M,No,BSCSPSCO,FT,P50,21,6,L6,400,51,55.8,0,12
1603084,M,No,BAAAH,FT,P50,22,3,L6,220,59.2,65.73,0,0
1603092,M,No,BAAAH,FT,Q80,21,1,L6,320,70.6,71.28,0,10
1603105,F,No,BAAAH,FT,P46,21,1,L6,280,58.7,64.8,0,0
1603124,F,No,BAPESC,FT,HUK,23,1,L6,240,56.63,58.98,2,6
1603138,F,Yes,BSCSPEX,FT,P50,21,5,L6,220,49.75,58.6,0,2
1603154,F,No,BAAAH,FT,P93,21,5,L6,,69.63,65.05,0,1
1603160,M,No,BASPDEVCO,FT,P50,20,2,L6,220,64.63,55.88,0,0
1603163,M,Yes,BSCSEPS,FT,Q80,22,1,L6,360,47.5,53.35,0,3
1603168,F,No,BAAAH,FT,P50,21,9,L6,360,57.75,68.5,0,0
1603171,M,No,BSCCSPC,FT,P41,20,2,L6,420,49,56.1,0,0
1603174,F,No,BAAAH,FT,P50,21,6,L6,545,65.15,68.98,0,1
1603181,F,Yes,BSCSEPS,FT,P50,21,1,L6,240,62.63,61.38,0,3
1603190,M,No,BAAAH,FT,P50,21,2,L6,220,57.1,57.95,1,1
1603192,F,Yes,BAPESC,FT,P50,21,1,L6,220,56.88,55.7,1,25
1603198,M,No,BAAAH,FT,P50,21,2,L6,220,60.1,57.85,0,0
1603199,F,No,BAAAH,FT,C90,21,1,L6,260,58.65,55.58,0,4
1603201,F,No,BAAAH,FT,P50,21,2,L6,260,67.3,67.55,0,16
1603204,M,No,BAAAH,FT,P50,20,2,L6,420,67.85,72.73,0,0
1603207,M,No,BAAAH,FT,P41,21,6,L6,370,50.05,60,0,5
1603211,M,No,BASPDEVCO,FT,P50,21,3,L6,240,60.13,59.93,0,0
1603215,F,Yes,BAAAH,FT,P50,21,5,L6,325,70.45,68.85,0,2
1603223,F,Yes,BACOMMU,FT,H11,20,2,L6,240,61.25,63.8,0,4
1603242,M,No,BAPESEC,FT,P50,22,1,L6,330,57.5,59.28,1,3
1603248,F,No,BAAAH,FT,P50,20,2,L6,320,63.25,67.83,5,18
1603253,F,Yes,BSCSPTH,FT,HUK,21,9,L6,280,63.5,61.88,0,18
1603259,F,Yes,BAAAH,FT,P42,21,5,L6,390,52.1,60.75,0,11
1603260,F,No,BABM,FT,P42,21,1,L6,380,68,66.43,1,2
1603264,F,No,BABM,FT,X04,21,9,L6,,65.25,61.3,0,4
1603300,M,No,BAAAH,FT,P50,21,2,L6,260,55.9,59.43,0,9
1603304,F,No,BAAAH,FT,P42,21,1,L6,640,59.5,69.5,0,0
1603320,F,No,BAAAH,FT,P42,21,2,L6,350,65.85,64.43,0,3
1603332,M,No,BSCSPEX,FT,P50,20,7,L6,330,64.75,66.7,0,1
1603339,M,Yes,BASPDEVCO,FT,P80,21,6,L6,420,48.38,47.65,1,28
1603364,F,No,BAAAH,FT,Q80,20,3,L6,420,62.65,60.23,0,9
1603369,M,No,BAPEPRI,FT,P50,20,6,L6,390,53.63,53.18,0,0
1603372,M,No,BAAAH,FT,HUK,21,9,L6,,64.75,75.15,0,1
1603398,F,No,BAAAH,FT,P92,20,5,L6,,62.25,70.85,0,6
1603403,F,Yes,BAAAH,FT,P50,21,2,L6,380,63.6,65.93,0,33
1603413,F,No,BAAAH,FT,P50,22,3,L6,300,59.55,64.05,0,0
1603418,M,No,BSCSEPS,FT,P50,22,7,L6,100,53.25,53.68,0,0
1603432,M,No,BSCSPTH,FT,P50,21,4,L6,440,70.13,66.93,0,1
1603441,M,Yes,BSCSEPS,FT,P41,21,1,L6,360,51.75,56.5,1,37
1603453,F,Yes,BAAAH,FT,Q80,20,3,L6,320,66.85,66.4,0,14
1603466,M,No,BSCSPEX,FT,HUK,20,2,L6,200,57.5,61.35,0,4
1603482,M,No,BSCSPEX,FT,HUK,21,1,L6,420,65.25,69.1,0,0
1603523,F,No,BAAAH,FT,P41,20,2,L6,240,65.05,66.25,0,1
1603530,F,No,BABM,FT,P41,22,7,L6,520,64,60.83,0,0
1603541,F,Yes,BAAAH,FT,P41,24,2,L6,460,65.9,65.53,0,13
1603552,F,No,BAAAH,FT,Q80,21,2,L6,,69,68.48,1,2
1603562,F,No,BAAAH,FT,P50,20,1,L6,200,62.55,67.58,0,4
1603564,F,No,BAAAH,FT,P41,22,1,L6,,64.13,61.25,0,0
1603580,F,No,BSCSPTH,FT,P50,22,4,L6,300,63.88,63.9,2,24
1603605,M,No,BAAAH,FT,P50,21,1,L6,240,51.3,58.25,0,0
1603607,M,No,BAAAH,FT,P50,20,7,L6,200,57.35,59.9,0,1
1603622,F,No,BAAAH,FT,P50,22,4,L6,360,60,62.45,0,5
1603623,F,No,BAAAH,FT,MUK,21,2,L6,220,59.35,63.33,1,7
1603623,F,No,BAAAH,FT,MUK,21,2,L6,220,56.5,63.33,1,7
1603647,M,No,BAPESEC,FT,P93,21,2,L6,310,46,47.35,0,9
1603652,F,No,BAAAH,FT,P50,20,1,L6,280,68.2,66.63,0,1
1603690,F,No,BAAAH,FT,C90,20,9,L6,330,70.15,63.55,1,2
1603697,F,No,BAAAH,FT,X06,21,3,L6,,60.15,61.98,0,0
1603707,F,No,BAAAH,FT,P41,21,2,L6,320,61.4,64.88,0,0
1603711,F,No,BAAAH,FT,P50,20,1,L6,260,63.7,65.38,0,0
1603717,F,No,BSCSPEX,FT,P50,21,2,L6,220,65.25,65.9,1,0
1603722,F,No,BAAAH,FT,P42,22,4,L6,360,61.7,60.95,0,1
1603743,M,Yes,BAAAH,FT,HUK,22,9,L6,420,63.85,63.98,0,54
1603750,M,Yes,BAAAH,FT,P50,21,4,L6,240,54.75,58.28,1,201
1603758,F,No,BAAAH,FT,P50,21,3,L6,300,62.55,65.28,0,1
1603766,F,No,BAAAH,FT,P42,21,5,L6,410,64.8,67.85,0,6
1603767,M,No,MSCI ADVAPSYCH,FT,P50,21,6,L6,200,60,61.08,1,0
1603771,F,Yes,BAAAH,FT,P50,21,2,L6,280,72.7,72.48,1,37
1603782,M,No,BAAAH,FT,Q80,21,2,L6,240,54.05,59.13,0,3
1603785,F,Yes,BAAAH,FT,P80,20,2,L6,400,77.6,68.8,0,9
1603786,F,No,BAPESEC,FT,P42,21,3,L6,380,49,55.23,1,3
1603798,M,No,BSCSPEX,FT,HUK,21,2,L6,240,60.5,66.23,0,0
1603803,F,No,BAAAH,FT,P50,21,9,L6,270,65.75,71.9,1,6
1603813,F,No,BAEDSENDS,FT,C90,35,6,L6,,59.13,60.03,3,15
1603819,F,Yes,BAAAH,FT,P50,22,6,L6,200,59.1,65.3,0,15
1603821,F,No,BAAAH,FT,HUK,22,2,L6,60,67.7,69.63,0,0
1603835,F,Yes,BAEDUC,FT,P50,21,3,L6,220,59.29,63.43,0,4
1603845,F,No,BAAAH,FT,P50,22,7,L6,680,76,66.98,0,1
1603846,F,No,BAAAH,FT,X06,21,3,L6,320,62.8,63.38,0,0
1603847,F,No,BAAAH,FT,P80,21,2,L6,380,65.95,68.85,1,0
1603860,M,Yes,BSCSPEX,FT,P50,21,4,L6,240,63.75,60.73,0,2
1603863,M,No,BAAAH,FT,P41,22,9,L6,320,62.4,64.58,0,1
1603865,F,No,BAEDSENDS,FT,P50,21,1,L6,340,50.88,59.78,0,0
1603872,M,No,BAAAH,FT,P50,22,9,L6,440,63.55,64.4,0,0
1603883,F,No,BAAAH,FT,P51,22,2,L6,,61.4,62.13,0,6
1603884,F,No,BAAAH,FT,HUK,21,2,L6,415,66.65,68.18,0,3
1603888,M,No,BAAAH,FT,P50,21,2,L6,210,61.9,59.53,0,0
1603911,F,Yes,BAAAH,FT,P41,21,1,L6,460,59.6,61.75,1,4
1603912,M,No,BAAAH,FT,P50,21,1,L6,200,61.25,59.18,0,0
1603931,F,Yes,BAAAH,FT,P50,20,3,L6,240,66.25,63.53,0,66
1603958,F,No,BAAAH,FT,P50,21,9,L6,,65.75,69.2,0,3
1603962,F,No,BAAAH,FT,P41,21,3,L6,,62.38,66.1,0,3
1603966,M,No,MSCI ADVAPSYCH,FT,X06,28,3,L6,,60.63,57.43,0,21
1603989,F,No,BASPDEVCO,FT,Q80,20,7,L6,400,62.38,61.4,0,0
1603990,F,No,BAEDUC,FT,P42,21,2,L6,300,56.43,63.8,0,1
1603992,M,No,BAAAH,FT,P41,21,2,L6,400,57.25,73.15,0,2
1604025,F,No,BAAAH,FT,P50,21,1,L6,230,51.65,66.3,2,4
1604025,F,No,BAAAH,FT,P50,21,1,L6,230,48.88,66.3,2,4
1604037,M,No,BAAAH,FT,P50,21,1,L6,410,67.85,71.85,0,0
1604044,M,No,BAAAH,FT,P50,21,1,L6,300,69.95,76.35,0,0
1604049,M,No,BASPBUSMAN,FT,P41,22,9,L6,360,65.25,71.05,0,0
1604063,F,Yes,BAAAH,FT,P80,20,1,L6,320,65.85,68.18,0,2
1604078,M,No,BAAAH,FT,P50,21,3,L6,220,62.7,64.1,0,0
1604087,M,Yes,BAAAH,FT,P50,20,3,L6,200,57.8,57.95,0,26
1604090,M,No,BAPESC,FT,P50,22,7,L6,320,61.38,65.48,0,2
1604091,M,No,BAAAH,FT,P50,21,2,L6,360,65.9,63.78,0,0
1604093,F,Yes,BAAAH,FT,P50,21,3,L6,140,61.3,60.4,0,23
1604095,F,No,BAAAH,FT,HUK,21,1,L6,390,70.45,69.08,0,0
1604096,F,Yes,BAAAH,FT,P50,20,2,L6,430,59.65,65.1,0,22
1604113,M,No,BASPDEVCO,FT,P41,20,6,L6,340,56.88,62.83,0,0
1604122,F,No,BAAAH,FT,P93,21,6,L6,,72.5,69.11,0,1
1604123,M,No,BASPDEVCO,FT,HUK,23,6,L6,240,58.5,52.45,0,8
1604133,F,No,BAPESC,FT,P46,21,4,L6,310,54.13,59.13,0,2
1604153,F,No,BAAAH,FT,P50,21,7,L6,300,62.8,63.68,0,0
1604171,F,No,BAAAH,FT,P50,20,5,L6,200,54.4,56.23,0,6
1604171,F,No,BAAAH,FT,P50,20,5,L6,200,52,56.23,0,6
1604180,M,No,BSCSPEX,FT,P50,20,2,L6,,53.5,57.23,0,0
1604183,M,No,BSCSPEX,FT,P50,21,2,L6,250,60.75,62.33,0,0
1604199,M,No,BAAAH,FT,C90,21,1,L6,360,57.9,59.38,0,14
1604206,M,No,BAPESEC,FT,P41,22,2,L6,360,55,55.1,0,1
1604242,M,No,BAAAH,FT,P50,24,6,L6,200,60.55,62.08,0,5
1604249,F,No,BAAAH,FT,P50,21,9,L6,370,68.85,71.75,0,6
1604303,F,No,BSCSPTH,FT,P50,22,3,L6,420,55.38,52.45,1,2
1604306,M,No,BSCSPEX,FT,P50,21,1,L6,143,45,57.58,0,0
1604312,M,No,BAAAH,FT,P50,21,4,L6,300,65.4,62.48,0,0
1604324,F,No,BAAAH,FT,Q80,33,3,L6,,62.85,66.6,0,0
1604326,M,No,BASPDEVCO,FT,P41,22,6,L6,200,50.13,48.45,0,0
1604327,M,Yes,BAAAH,FT,HUK,25,6,L6,,64.8,68.33,0,15
1604352,F,No,BAAAH,FT,P50,21,6,L6,370,49,50.65,0,3
1604357,F,Yes,BAAAH,FT,P50,21,5,L6,260,58.95,56.08,0,33
1604376,M,No,BAAAH,FT,P50,21,2,L6,200,57.05,59.53,0,1
1604377,F,No,BAAAH,FT,P80,20,2,L6,420,61.1,66.38,1,3
1604383,F,Yes,BACHILDFAM,FT,HUK,26,3,L6,360,61.33,71.3,4,210
1604400,F,No,BSBM,FT,X06,20,9,L6,,71.75,70.8,1,13
1604402,F,No,BACOMMU,FT,Q80,22,2,L6,200,45.5,50.75,0,2
1604404,M,No,BACOMMU,FT,HUK,21,7,L6,400,70.25,65.63,0,0
1604408,F,No,BAAAH,FT,P50,27,6,L6,290,77.95,73.48,1,19
1604412,M,No,BSCSPEX,FT,P41,21,2,L6,240,45.5,49.34,0,0
1604417,F,No,BACOMMU,FT,P50,21,9,L6,,67.63,73.88,0,0
1604419,F,No,BSCSPEX,FT,R51,22,4,L6,360,57.25,63.93,0,0
1604430,F,No,BAAAH,FT,P42,21,2,L6,540,58.85,70.2,0,14
1604432,F,No,BAAAH,FT,P42,21,5,L6,400,59.65,60.15,0,25
1604441,F,No,BAPESEC,FT,P46,23,1,L6,420,52.25,63.48,0,4
1604445,M,No,BSCSPSCO,FT,X06,21,7,L6,450,47.5,56.68,0,0
1604453,M,No,BAPESEC,FT,Q80,21,5,L6,400,58.75,64.1,0,0
1604458,F,No,BAAAH,FT,HUK,21,4,L6,400,61.5,67.88,0,0
1604482,F,No,BAAAH,FT,P50,21,7,L6,,70.25,71.33,1,0
1604511,F,No,BAAAH,FT,Q80,20,3,L6,360,66.45,65.75,0,11
1604515,F,No,BAAAH,FT,P42,23,4,L6,330,65.85,66.78,0,0
1604516,F,No,BAAAH,FT,P50,21,2,L6,390,60.5,62.05,0,4
1604535,M,No,BAAAH,FT,P50,20,3,L6,325,69.25,67.45,0,0
1604540,F,No,BASPDEVCO,FT,P80,21,4,L6,390,58.88,62.08,0,0
1604547,F,Yes,BAAAH,FT,C30,22,3,L6,,63,62.86,0,45
1604549,M,Yes,BAPESEC,FT,P50,21,9,L6,420,60.13,70.13,1,26
1604550,F,No,BAAAH,FT,P80,21,9,L6,380,56.05,54.85,1,8
1604550,F,No,BAAAH,FT,P80,21,9,L6,380,55.38,54.85,1,8
1604565,M,No,BSBM,FT,P41,21,9,L6,300,59.38,44.98,0,1
1604572,F,No,BAAAH,FT,X06,22,9,L6,,74.8,67.3,0,4
1604575,F,No,BABM,FT,P50,22,9,L6,,69.5,73.93,0,1
1604600,M,No,BAAAH,FT,HUK,21,5,L6,360,60.8,64.63,0,4
1604601,F,No,BAAAH,FT,P41,22,1,L6,430,65.35,70.5,0,0
1604608,F,No,BAAAH,FT,P93,21,6,L6,,65,68.8,0,0
1604609,F,No,BAAAH,FT,P50,20,9,L6,400,59.3,65.53,0,14
1604614,F,No,BAAAH,FT,P41,21,3,L6,400,65.95,65.2,0,0
1604621,M,No,BSCSPSCO,FT,P50,22,1,L6,380,65.25,63.5,0,0
1604622,F,Yes,BAAAH,FT,P41,20,4,L6,,60.13,63.78,1,29
1604629,F,No,BAAAH,FT,P50,22,9,L6,240,60.9,57.68,0,1
1604630,F,Yes,BAAAH,FT,P41,20,4,L6,550,58.3,66.18,1,38
1604638,F,No,BSCPSYCH,FT,P50,21,6,L6,240,63.88,66.1,0,0
1604640,F,No,BAAAH,FT,P50,22,1,L6,300,67.65,63.43,1,4
1604640,F,No,BAAAH,FT,P50,22,1,L6,300,66.63,63.43,1,4
1604641,M,Yes,BAAAH,FT,P50,21,9,L6,575,63.65,68.6,0,72
1604642,M,No,BAAAH,FT,P41,20,1,L6,560,65.85,64.03,0,0
1604646,F,Yes,BSCMAML,FT,P50,21,2,L6,270,71.88,65.65,1,21
1604654,M,Yes,BAAAH,FT,P50,22,9,L6,220,51.38,47.48,1,20
1604654,M,Yes,BAAAH,FT,P50,22,9,L6,220,53.85,47.48,1,20
1604665,F,No,BAPESEC,FT,HUK,22,1,L6,400,68.5,72.35,0,0
1604700,M,No,BAAAH,FT,HUK,21,5,L6,420,60.05,64.48,0,26
1604702,F,No,BAPESEC,FT,P50,21,1,L6,460,55.38,60.58,0,0
1604712,F,No,BAAAH,FT,P50,21,2,L6,410,65.2,67.8,0,0
1604727,M,No,BSCSEPS,FT,P41,21,1,L6,350,58.63,62.03,0,0
1604746,M,No,BAAAH,FT,P50,20,3,L6,,60.75,60.82,0,0
1604750,F,No,BAEDUC,FT,P50,22,9,L6,180,50.71,49.78,2,15
1604751,M,No,BSCPOL,FT,Q80,22,7,L6,240,55,56.93,0,0
1604770,F,No,BABM,FT,P50,21,5,L6,330,70.13,59.85,1,1
1604774,F,Yes,BAAAH,FT,P41,20,5,L6,460,59.75,61.9,1,18
1604791,F,Yes,BAAAH,FT,P50,21,9,L6,280,70.4,58.88,0,5
1604794,M,No,BSCSPTH,FT,P50,21,2,L6,280,57.38,63.5,0,0
1604797,F,No,BAAAH,FT,HUK,21,1,L6,320,64,64.53,0,0
1604806,F,Yes,BAAAH,FT,P80,21,1,L6,500,69.05,67,0,16
1604816,M,No,BAPESC,FT,P50,21,3,L6,200,50.38,51.48,0,0
1604820,F,No,BSCPSYCH,FT,P50,20,9,L6,,67.25,67.73,0,6
1604826,M,No,BABM,FT,P50,21,2,L6,160,66.13,60.18,0,0
1604838,M,No,BAAAH,FT,P50,21,7,L6,300,65.3,61.05,0,7
1604851,M,No,BASPBUSMAN,FT,P41,22,6,L6,400,58.5,62.25,0,0
1604856,M,No,BAPESEC,FT,P51,21,7,L6,380,52.5,57.25,0,0
1604864,M,Yes,BAAAH,FT,HUK,22,2,L6,460,62.45,60.4,0,26
1604877,M,No,BSCSPEX,FT,P41,21,4,L6,360,42.25,53.98,0,0
1604880,F,No,BAAAH,FT,J10,22,7,L6,,61.15,61.08,0,0
1604891,F,No,BAAAH,FT,P50,20,2,L6,320,62.2,62.5,0,0
1604899,F,No,BAAAH,FT,P80,25,3,L6,120,60.65,65.58,0,10
1604912,F,No,BAAAH,FT,HUK,21,3,L6,280,47,56.55,2,15
1604912,F,No,BAAAH,FT,HUK,21,3,L6,280,48.4,56.55,2,15
1604921,F,No,BAAAH,FT,P80,20,7,L6,280,62.6,62.85,0,2
1604922,F,No,BAAAH,FT,P50,22,1,L6,220,55.5,53.33,0,3
1604928,M,Yes,BASPDEVCO,FT,HUK,23,4,L6,400,52.88,54.15,0,43
1604940,F,No,BAAAH,FT,P50,20,4,L6,340,64.45,63.38,0,4
1604943,F,No,BAAAH,FT,P50,21,6,L6,430,50.7,57.25,0,8
1604964,M,No,BAAAH,FT,P41,22,4,L6,460,66.7,67.6,0,0
1604968,M,Yes,BAAAH,FT,P50,21,1,L6,190,64.75,71.13,1,43
1604974,F,No,BACOMMU,FT,Q80,22,4,L6,400,66.38,60.85,0,0
1605020,F,No,BABM,FT,P50,20,9,L6,240,62.38,60.25,0,14
1605022,M,Yes,BSCPOL,FT,P50,21,1,L6,,64,65.25,0,11
1605031,F,No,BAAAH,FT,P41,21,2,L6,280,51.9,63.15,0,3
1605036,M,No,BSCFCPERF,FT,P41,20,3,L6,,58.88,60.25,0,1
1605038,M,No,BAAAH,FT,P50,22,1,L6,280,64.1,68.2,0,0
1605042,F,No,BAAAH,FT,P50,23,2,L6,610,62.7,69.13,0,1
1605047,F,No,BAAAH,FT,P50,21,6,L6,340,61.8,65.43,0,0
1605057,M,No,BAAAH,FT,P50,21,2,L6,270,65.9,66,0,0
1605075,F,No,BAAAH,FT,P62,22,9,L6,48,64.9,67.43,0,11
1605086,M,Yes,BAAAH,FT,HUK,22,2,L6,140,58.05,58,2,48
1605092,F,No,BAAAH,FT,P50,22,1,L6,160,63.6,62.43,0,0
1605113,M,No,BAAAH,FT,P80,21,9,L6,400,52.9,62.08,0,11
1605131,M,No,BAPESEC,FT,HUK,31,6,L6,,57,62.88,0,1
1605137,F,No,BAAAH,FT,P50,21,2,L6,,61.75,65.36,1,7
1605146,F,Yes,BAAAH,FT,P50,22,3,L6,280,62.88,54.6,2,34
1605146,F,Yes,BAAAH,FT,P50,22,3,L6,280,67.45,54.6,2,34
1605157,F,No,BACOMMU,FT,P51,21,2,L6,360,67.63,69.55,0,0
1605161,F,Yes,BAAAH,FT,HUK,22,3,L6,500,67.3,66.25,0,6
1605161,F,Yes,BAAAH,FT,HUK,22,3,L6,500,65.5,66.25,0,6
1605166,F,No,BAAAH,FT,P41,23,6,L6,280,59.15,66.28,0,4
1605169,F,No,BAPESEC,FT,HUK,22,5,L6,210,56.63,65.48,0,13
1605191,F,Yes,BAAAH,FT,HUK,21,3,L6,180,58.3,61.13,0,26
1605199,F,Yes,BAAAH,FT,P50,22,1,L6,240,64.3,65.73,0,18
1605206,F,No,BAAAH,FT,P50,22,9,L6,320,58.5,54.03,1,1
1605206,F,No,BAAAH,FT,P50,22,9,L6,320,59.6,54.03,1,1
1605214,F,No,BABM,FT,P50,23,9,L6,,69.13,70.08,0,3
1605216,M,Yes,BSCSPTH,FT,P41,21,3,L6,420,55.25,63.73,0,18
1605219,M,No,BAAAH,FT,P50,22,9,L6,200,68.95,69.4,0,2
1605226,F,No,BAAAH,FT,P42,21,4,L6,200,55.5,54.65,0,0
1605226,F,No,BAAAH,FT,P42,21,4,L6,200,57.5,54.65,0,0
1605230,F,No,BSCSPSCO,FT,HUK,21,1,L6,360,56.25,68.05,0,1
1605239,M,No,BAAAH,FT,P42,21,9,L6,,63.9,65.9,0,0
1605240,M,No,BAAAH,FT,P41,22,1,L6,40,60.1,58.18,0,1
1605257,M,No,BSCFCPERF,FT,P42,22,5,L6,320,51.13,55.7,0,5
1605305,M,No,BAAAH,FT,P50,20,6,L6,220,62.4,57.23,0,0
1605311,M,No,BAAAH,FT,P50,23,1,L6,220,61.55,66.63,1,4
1605313,F,Yes,BAAAH,FT,X04,22,9,L6,,59.5,59.55,1,11
1605332,F,No,BAAAH,FT,P50,22,7,L6,240,64.35,63.8,0,0
1605358,F,No,BSCSPEX,FT,HUK,21,2,L6,380,61.75,65.15,1,10
1605398,F,Yes,BAAAH,FT,P41,24,7,L6,240,58.45,54.93,1,28
1605404,F,No,BAAAH,FT,P50,22,1,L6,360,70.75,64.6,0,2
1605417,F,No,BAAAH,FT,P51,21,6,L6,450,55.85,59.3,0,0
1605428,M,No,BACOMMU,FT,H11,22,4,L6,320,56.5,58.93,0,0
1605437,M,No,BAAAH,FT,Q80,20,2,L6,220,61.9,67.75,0,0
1605438,M,No,BAAAH,FT,P50,22,6,L6,240,65.75,63.55,0,0
1605439,F,No,BAAAH,FT,R51,22,2,L6,220,47.9,60.98,1,3
1605467,F,No,BAAAH,FT,P41,21,4,L6,420,60.35,62.35,0,2
1605469,F,Yes,BAAAH,FT,P41,21,9,L6,,59.05,61.75,1,45
1605474,F,No,BAAAH,FT,P41,21,3,L6,,61.75,69.85,0,0
1605476,M,No,BASPDEVCO,FT,P50,22,7,L6,200,64.5,66.05,0,0
1605490,M,No,BSCSPEX,FT,P50,20,1,L6,,66.5,65.27,0,0
1605525,M,No,BAAAH,FT,P50,22,5,L6,230,73.15,67.4,0,0
1605543,M,No,BAAAH,FT,C90,22,2,L6,270,63.75,60.45,0,3
1605547,M,Yes,BAAAH,FT,Q80,20,9,L6,380,62.3,64.05,0,36
1605552,M,No,BAAAH,FT,P51,22,2,L6,220,53.5,62.55,0,0
1605560,M,No,BAAAH,FT,Q80,20,7,L6,,66.4,66.58,1,1
1605568,M,No,BAAAH,FT,Q80,21,2,L6,380,60.5,63.53,0,8
1605583,F,No,BAAAH,FT,P50,23,3,L6,310,70.4,71.33,0,0
1605612,F,No,BAAAH,FT,P50,22,7,L6,460,67.75,66.1,1,9
1605622,F,Yes,BAAAH,FT,P50,21,7,L6,,63.25,65.85,0,107
1605627,M,No,BSCSPTH,FT,P41,20,2,L6,420,59.5,61.08,0,0
1605637,F,Yes,BAAAH,FT,C30,23,3,L6,,58.7,56.73,0,35
1605643,M,No,BSCSPTH,FT,P50,24,6,L6,,47.38,58.33,0,0
1605648,F,No,BABM,FT,P50,23,9,L6,400,75.5,73.5,0,1
1605657,F,No,BAAAH,FT,P41,20,1,L6,400,64.8,67.55,0,0
1605665,F,No,BAAAH,FT,P50,21,6,L6,240,62.3,65,0,8
1605671,M,No,BAAAH,FT,Q80,20,2,L6,350,61.45,56.9,0,4
1605685,F,Yes,BACOMMU,FT,Q80,21,2,L6,160,52.13,58.28,0,6
1605692,M,No,BSCSPSCO,FT,P41,21,3,L6,400,42,50.98,0,0
1605699,F,Yes,BAAAH,FT,HUK,23,2,L6,380,54.95,63.5,1,24
1605701,F,No,BSCSEPS,FT,HUK,22,1,L6,280,61,63.63,0,0
1605702,F,No,BAAAH,FT,P41,21,6,L6,320,59.4,61.38,0,1
1605725,M,No,BABM,FT,P50,21,9,L6,220,75.25,69.4,0,1
1605736,F,No,BAAAH,FT,P50,21,2,L6,320,64.95,67.68,0,0
1605740,M,No,BAAAH,FT,P50,22,1,L6,,66.42,72.93,0,1
1605767,F,No,BSCPSYCH,FT,HUK,21,2,L6,240,56.88,61.45,0,0
1605770,F,No,BAAAH,FT,P41,46,9,L6,,71,67.63,0,3
1605771,M,No,BAPESC,FT,P80,20,3,L6,420,57.13,55.58,0,0
1605789,M,No,BSCSPTH,FT,P41,21,6,L6,240,51,53.15,0,0
1605791,F,No,BAAAH,FT,HUK,31,5,L6,,55.7,57.68,3,41
1605800,F,Yes,BAAAH,FT,P50,25,7,L6,240,68,71.33,0,7
1605816,F,No,BSCPSYCH,FT,P50,23,7,L6,44,61.75,64.05,0,1
1605830,M,No,BAAAH,FT,P50,21,3,L6,200,61.3,60.4,0,0
1605830,M,No,BAAAH,FT,P50,21,3,L6,200,59.88,60.4,0,0
1605846,F,No,BSCSPEX,FT,P50,20,2,L6,170,52,51.63,0,0
1605855,M,No,BAAAH,FT,P50,20,6,L6,240,62.8,62.2,0,0
1605871,F,Yes,BAAAH,FT,P93,21,1,L6,,67.46,64.45,0,15
1605889,M,Yes,BACOMMU,FT,HUK,22,3,L6,160,43.38,45.68,0,2
1605890,M,Yes,BACOMMU,FT,HUK,22,2,L6,200,54,55.45,0,11
1605909,M,No,BAPESEC,FT,P80,21,2,L6,200,46.25,54.83,0,0
1605926,F,Yes,BAAAH,FT,P42,20,9,L6,420,65.25,66.45,0,103
1605940,F,No,BAAAH,FT,P50,22,6,L6,,63,71.13,0,26
1605956,M,No,BSCSPSCO,FT,HUK,21,2,L6,170,51.75,60.98,1,0
1605960,M,No,BASPDEVCO,FT,Q80,20,5,L6,280,47.13,51.22,0,0
1605966,M,No,BAAAH,FT,P41,22,4,L6,360,69.25,69.65,0,5
1605971,F,No,BAAAH,FT,P41,22,1,L6,280,57.4,63.5,0,0
1605974,M,No,BASPBUSMAN,FT,P50,21,1,L6,200,52.38,60.13,0,2
1605979,M,No,BAAAH,FT,P50,21,2,L6,180,60.95,60.2,0,3
1605980,F,Yes,BAAAH,FT,P50,32,4,L6,80,65.85,64.98,0,24
1606018,F,No,BAAAH,FT,P50,21,4,L6,200,55.9,61.2,0,1
1606019,F,No,BAPESC,FT,P50,22,2,L6,280,61.63,57.08,0,0
1606027,F,No,BAAAH,FT,X04,21,9,L6,336,60.95,69.1,1,7
1606030,F,No,BAAAH,FT,Q80,21,9,L6,,69.05,67.43,0,20
1606036,M,Yes,BAAAH,FT,P51,21,9,L6,,61.4,60.38,0,2
1606038,M,No,BASPBUSMAN,FT,P41,21,9,L6,480,54.25,57.38,0,0
1606079,F,No,BAAAH,FT,HUK,21,1,L6,330,63.65,64.13,2,23
1606083,M,Yes,BSCPOL,FT,P50,23,1,L6,140,65.65,66.23,1,25
1606087,M,No,BAPESEC,FT,P50,23,3,L6,250,63.75,68.43,0,0
1606105,M,No,BASPBUSMAN,FT,P41,21,1,L6,280,55.63,58.58,0,3
1606111,M,No,BAAAH,FT,P42,21,4,L6,340,62.5,61.73,0,18
1606123,M,Yes,BAPESEC,FT,P41,26,6,L6,80,49.75,65.7,0,54
1606132,M,No,BSCSPEX,FT,P50,22,2,L6,120,55.75,56.6,0,1
1606134,M,No,BASPST,FT,Q80,21,2,L6,280,54.38,54.15,0,3
1606137,M,No,BASPDEVCO,FT,HUK,21,4,L6,340,54.5,48.85,1,0
1606140,F,No,BAAAH,FT,P50,22,1,L6,292,63.35,63.73,0,20
1606165,M,Yes,BAAAH,FT,P41,22,1,L6,580,65.75,70.63,1,3
1606168,M,No,BSCFCPERF,FT,P50,21,1,L6,200,51.88,,0,0
1606179,M,Yes,BAAAH,FT,P50,21,2,L6,260,53.9,60.2,1,117
1606184,M,No,BAAAH,FT,P50,21,6,L6,340,61,65.45,0,4
1606192,F,No,BAAAH,FT,P42,21,6,L6,560,67.75,73.78,1,1
1606192,F,No,BAAAH,FT,P42,21,6,L6,560,65.75,73.78,1,1
1606195,F,No,BAPESEC,FT,P50,21,1,L6,200,59.88,62.15,0,0
1606196,M,No,BAAAH,FT,P50,22,6,L6,,61.35,65.78,0,0
1606197,M,No,BAPESEC,FT,P41,22,9,L6,120,54.75,58.28,0,0
1606200,F,No,BAAAH,FT,HUK,21,9,L6,,60.75,69.68,0,0
1606205,F,Yes,BAAAH,FT,P41,24,3,L6,280,67.2,68.6,1,80
1606223,M,No,BSCSPSCO,FT,P50,21,4,L6,450,49,58.08,0,7
1606227,M,No,BSCSPSCO,FT,P41,22,2,L6,360,47.25,59.08,0,0
1606237,M,No,BAAAH,FT,P50,23,1,L6,200,66.6,70.45,0,4
1606240,F,No,BAAAH,FT,Q80,20,9,L6,420,68.75,68.05,0,9
1606250,M,No,BAAAH,FT,P50,22,2,L6,210,67.85,65.55,0,1
1606261,F,No,BSCCSPC,FT,P41,23,2,L6,360,61.25,62.2,0,20
1606263,F,Yes,BAAAH,FT,P41,21,1,L6,240,53.9,55.95,0,15
1606267,F,No,BAAAH,FT,P50,21,3,L6,,64.75,68.13,0,1
1606270,M,No,BAAAH,FT,HUK,21,4,L6,320,61.4,57.05,0,7
1606272,F,No,BASPDEVCO,FT,P50,21,7,L6,310,53.38,54.03,0,1
1606276,M,No,BAAAH,FT,P80,20,3,L6,420,65.6,69.43,0,0
1606285,F,No,BSCMAML,FT,P50,21,2,L6,120,72,67.58,1,49
1606295,F,Yes,BAAAH,FT,Q80,22,9,L6,327,56.25,59.38,1,19
1606303,M,No,BAAAH,FT,Q80,21,2,L6,340,64.2,68.7,0,0
1606324,M,No,BAAAH,FT,P41,50,9,L6,,72.88,67.7,0,2
1606326,M,No,BSCSPEX,FT,P50,22,2,L6,330,65,70.6,0,0
1606329,F,No,BAAAH,FT,P50,22,9,L6,,64.2,66.38,0,3
1606331,M,No,BAPESC,FT,HUK,23,2,L6,240,54.63,58.23,0,0
1606334,F,Yes,BAAAH,FT,J80,22,4,L6,,60.13,64.83,0,47
1606337,F,Yes,BAAAH,FT,P50,23,6,L6,180,51.38,58.89,3,201
1606349,M,No,BAAAH,FT,P50,21,3,L6,180,62.3,69.13,0,3
1606355,M,No,BAAAH,FT,P50,22,3,L6,320,69.8,65.43,0,3
1606357,F,No,BSCMAML,FT,HUK,21,1,L6,292,78.75,83.55,0,0
1606384,M,No,BASPBUSMAN,FT,P41,23,2,L6,128,54.63,54.6,0,1
1606386,F,No,BAAAH,FT,X04,22,9,L6,,64.05,63.15,1,44
1606387,F,No,BAAAH,FT,HUK,22,2,L6,120,59.5,57.45,0,0
1606389,F,No,BAAAH,FT,P50,21,6,L6,180,56.95,56.2,0,0
1606391,F,Yes,BAAAH,FT,X04,22,3,L6,,53.5,56.85,0,50
1606395,M,Yes,BAAAH,FT,P51,22,1,L6,,53.25,51.98,1,23
1606417,F,No,BAAAH,FT,P41,21,6,L6,,55.5,61.75,1,0
1606419,F,No,BACHILDFAM,FT,P42,22,2,L6,360,57.67,65.77,0,1
1606427,M,Yes,BAAAH,FT,P50,25,6,L6,220,70.8,67.4,0,1
1606434,M,No,BAAAH,FT,P50,22,6,L6,360,70.5,72.83,0,0
1606460,F,No,BAAAH,FT,P41,22,4,L6,360,63.85,61.78,0,0
1606461,F,Yes,BAAAH,FT,P41,22,9,L6,320,58.75,59.18,0,27
1606468,F,Yes,BAAAH,FT,P50,24,3,L6,240,68,65.48,0,17
1606486,M,Yes,BAAAH,FT,P50,23,1,L6,300,63.4,65.75,1,28
1606495,F,No,BAAAH,FT,X06,22,9,L6,,66.85,68.18,0,25
1606508,F,No,BAEDUC,FT,HUK,21,6,L6,360,64.43,67.93,0,0
1606529,F,Yes,BAAAH,FT,P41,21,3,L6,320,51.2,49.28,0,8
1606545,M,Yes,BAAAH,FT,P50,27,7,L6,220,65.9,64.1,2,29
1606564,M,No,BAAAH,FT,HUK,23,9,L6,440,64.3,64.03,0,10
1606567,M,No,BSCSPEX,FT,P80,20,3,L6,380,53.5,55.98,0,0
1606577,F,No,BABM,FT,P50,21,1,L6,200,61,65.88,0,0
1606589,F,Yes,BAPEPRI,FT,HUK,25,7,L6,360,60,60.33,4,104
1606591,M,Yes,BAAAH,FT,P41,23,1,L6,240,62.85,61.5,0,12
1606613,F,No,BAAAH,FT,P50,21,3,L6,160,59.13,53.4,1,0
1606613,F,No,BAAAH,FT,P50,21,3,L6,160,61.2,53.4,1,0
1606615,M,No,BSCFCPERF,FT,P41,24,2,L6,120,49.88,,1,9
1606624,F,No,BACHILDFAM,FT,HZZ,30,9,L6,,42.17,48.88,1,6
1606639,F,No,BAAAH,FT,P42,21,7,L6,300,57.8,58.3,1,33
1606654,M,No,BACOMMU,FT,P80,21,7,L6,160,53.63,59.08,0,7
1606683,F,No,BSCPSYCH,FT,J20,27,6,L6,,59.25,62.4,1,34
1606702,F,No,BABM,FT,J30,23,,L6,,63,64,0,11
1606704,M,Yes,BAAAH,FT,P42,21,3,L6,260,61.05,58.58,0,34
1606721,M,No,BASPBUSMAN,FT,HUK,21,9,L6,300,52.75,55.93,0,0
1606723,F,No,BAAAH,FT,X04,24,7,L6,,57.35,67.5,0,11
1606730,M,No,BAPESEC,FT,HUK,24,2,L6,,61.13,63.15,0,0
1606731,F,No,BAAAH,FT,P50,32,9,L6,240,63.75,72.63,0,0
1606739,M,No,BAPESEC,FT,P41,29,2,L6,240,66,72.55,1,4
1606741,F,No,BAAAH,FT,HUK,22,2,L6,340,60.13,57.8,1,38
1606741,F,No,BAAAH,FT,HUK,22,2,L6,340,60.35,57.8,1,38
1606793,F,No,BAAAH,FT,C20,26,3,L6,340,,57.93,0,11
1606800,M,No,BAPESEC,FT,HUK,22,1,L6,360,60.75,67.03,1,0
1606802,M,Yes,BASPBUSMAN,FT,HUK,27,3,L6,,53,63.91,0,55
1606812,M,No,BSBM,FT,P41,27,7,L6,360,71.13,63.73,0,0
1606834,M,No,BAAAH,FT,P50,22,1,L6,220,63.75,64.45,0,1
1606841,F,No,BAAAH,FT,P50,20,2,L6,470,64.13,64.58,2,41
1606841,F,No,BAAAH,FT,P50,20,2,L6,470,65.15,64.58,2,41
1606842,M,No,BAAAH,FT,P41,22,5,L6,80,51.85,57.3,0,0
1606846,F,No,BAAAH,FT,P50,21,1,L6,240,55.7,55.58,0,1
1606869,F,No,BAAAH,FT,P50,22,2,L6,310,65.25,66.58,0,0
1606873,F,Yes,BAAAH,FT,P42,21,1,L6,390,66.75,66.95,0,9
1606876,M,No,BAAAH,FT,X04,22,9,L6,,68.9,73.08,0,2
1606883,F,Yes,BAAAH,FT,P80,23,1,L6,400,64.9,61.58,1,9
1606884,F,No,BAAAH,FT,P50,57,6,L6,140,71.4,75.55,0,0
1606894,M,No,BAAAH,FT,P50,21,1,L6,280,60.1,57.55,0,5
1606896,F,Yes,BAAAH,FT,J10,22,6,L6,300,66.25,71.48,0,3
1606917,M,No,BSCSPSCO,FT,P41,22,7,L6,400,39.75,48.38,3,8
1606917,M,No,BSCSPSCO,FT,P41,22,7,L6,400,41,48.38,3,8
1606930,M,No,BACOMMU,FT,P80,22,6,L6,200,45.88,54.3,0,0
1606939,M,No,BAAAH,FT,P41,23,1,L6,480,64.95,65,0,4
1606966,F,Yes,BAEDSENDS,FT,P50,24,1,L6,320,62.5,70.68,0,15
1606969,F,No,BAAAH,FT,P50,22,3,L6,240,58.85,65.25,0,6
1606982,M,No,BABM,FT,P50,26,2,L6,260,65.5,65.33,1,0
1607004,F,Yes,BAAAH,FT,P50,41,9,L6,,60.35,60.28,0,4
1607015,F,No,BAAAH,FT,P50,21,1,L6,460,76.85,74.5,0,0
1607034,M,No,BAAAH,FT,HUK,22,2,L6,320,65.35,64.85,0,8
1607113,F,No,BAAAH,FT,P50,23,2,L6,,66.88,72.22,0,1
1607174,F,No,BSCPSYCH,FT,HUK,22,2,L6,200,75.63,73.03,0,0
1607176,F,No,BACHILDFAM,FT,HUK,52,3,L6,,55.83,56.1,0,5
1607190,M,No,BAAAH,FT,HUK,22,9,L6,160,54.45,55.58,0,7
1607191,F,No,BSCSPTH,FT,P50,21,6,L6,410,52.5,64.85,1,1
1607269,M,No,BAAAH,FT,P93,21,6,L6,,55.04,67.23,0,0
1607270,F,No,BSCSPTH,FT,P41,24,6,L6,280,70.38,60.68,0,0
1607322,M,No,BASPBUSMAN,FT,P50,22,2,L6,310,51.75,53.98,1,0
1607323,M,Yes,BAAAH,FT,M90,46,9,L6,80,65.25,67.18,1,472
1607333,M,Yes,BSBM,FT,J80,34,9,L6,140,69.88,68.68,2,59
1607389,F,Yes,BAPEPRI,FT,P41,21,3,L6,320,50.63,54.5,0,19
1607442,F,No,BAPEPRI,FT,P50,22,3,L6,,67.25,73,0,1
1607464,F,Yes,BSCPSYCH,FT,P50,22,1,L6,240,61.88,64.18,0,28
1607485,F,Yes,BACHILDFAM,FT,X00,46,3,L6,,51.33,46.77,3,71
1607488,M,No,BAPEPRI,FT,HUK,22,2,L6,200,64.25,66.2,0,0
1607530,F,Yes,BAAAH,FT,P50,22,1,L6,280,62.9,68.35,2,36
1607534,F,No,BAAAH,FT,P50,23,9,L6,110,58.95,63.43,0,22
1607548,F,No,BAAAH,FT,P50,21,6,L6,280,64.9,62.8,0,6
1607605,M,No,BAAAH,FT,J30,24,9,L6,,72.75,65.13,0,1
1607605,M,No,BAAAH,FT,J30,24,9,L6,,76.75,65.13,0,1
1607669,M,Yes,BAAAH,FT,HUK,51,9,L6,,66.85,70.1,0,21
1607672,M,No,BAAAH,FT,P41,23,3,L6,,43,47,0,11
1607672,M,No,BAAAH,FT,P41,23,3,L6,,44,47,0,11
1607674,M,No,BSCSPEX,FT,P93,21,9,L6,,58.75,54.71,1,4
1607742,M,No,BAAAH,FT,J10,60,,L6,,51.25,47.98,2,2
1607743,M,No,BABM,FT,P80,40,,L6,,60.38,60.48,0,6
1607756,F,Yes,BSCSPEX,FT,P50,21,1,L6,330,67.25,69.8,0,15
1607757,M,No,BABM,FT,P50,21,5,L6,290,69.63,66.7,0,7
1607760,F,No,BAAAH,FT,P50,21,2,L6,210,61.95,59.53,0,2
1607774,F,No,BAAAH,FT,C30,28,6,L6,140,61.5,62.2,1,1
1607777,F,No,BAAAH,FT,P50,21,6,L6,140,56.9,56.35,0,0
1607779,M,No,BAAAH,FT,P50,21,2,L6,330,64,68.8,1,14
1607785,F,No,BAEDUC,FT,P50,20,2,L6,220,62.71,61.45,0,0
1607794,F,No,BASPDEVCO,FT,P41,22,6,L6,340,59,65.98,0,1
1607799,F,No,BAAAH,FT,P50,22,1,L6,260,61.55,59.93,0,1
1607800,M,No,BAAAH,FT,P50,21,9,L6,100,51.88,62.6,0,47
1607833,F,No,BAAAH,FT,HUK,21,2,L6,290,58.7,62.25,0,40
1607841,M,No,BAAAH,FT,P41,25,6,L6,480,57,54.48,0,29
1607844,M,No,BSCSPEX,FT,P50,21,3,L6,220,52,52.78,0,0
1607848,F,No,BAAAH,FT,P50,20,9,L6,330,72.75,66.53,0,0
1607849,F,Yes,BAPESC,FT,M71,22,2,L6,250,60.88,68.85,0,18
1607867,F,No,BAAAH,FT,Q80,54,6,L6,,67.05,68.08,0,0
1607868,F,No,BSCPSYCH,FT,P50,21,3,L6,,71.5,69.23,0,0
1607872,F,No,BABM,FT,P50,21,4,L6,180,68,57.95,0,0
1607873,F,No,MSCI ADVAPSYCH,FT,P50,22,9,L6,240,66.75,69.33,0,0
1607881,F,No,BAAAH,FT,HUK,21,1,L6,300,70.05,75.2,0,16
1607882,M,No,BABM,FT,P41,21,,L6,420,71.63,71.98,1,1
1607886,F,No,BSCSPEX,FT,P50,20,1,L6,160,52.25,58.5,0,1
1607896,M,No,BAAAH,FT,P50,23,4,L6,220,68.8,73.38,0,2
1607902,F,No,BSCPSYCH,FT,P50,21,2,L6,260,53.63,59.3,1,0
1607911,F,No,BABM,FT,P50,20,1,L6,240,64.5,69.48,0,0
1607912,F,No,BAAAH,FT,HUK,36,3,L6,,68,68.93,0,0
1607927,F,No,BAAAH,FT,P41,21,9,L6,240,47.55,55.33,0,2
1607934,M,Yes,BACOMMU,FT,P50,21,3,L6,60,49.25,54.05,0,0
1607953,M,No,BAAAH,FT,P50,21,6,L6,220,66.35,68.43,0,0
1607998,F,No,BAAAH,FT,P50,22,5,L6,360,57.95,61.85,0,0
1608013,M,No,BAAAH,FT,P50,23,9,L6,310,65.4,65.93,0,7
1608014,M,No,BAAAH,FT,P50,21,4,L6,560,65,69.8,0,0
1608029,F,No,BAAAH,FT,HUK,40,4,L6,120,68.3,69.73,1,2
1608039,M,No,BAAAH,FT,P50,22,6,L6,260,68.95,61.33,0,2
1608041,M,Yes,BAAAH,FT,P50,21,1,L6,280,60.9,61.18,0,22
