19,524126,Y,19/09/2019,12/09/2019
19,102967,Y,22/08/2019,22/08/2019
19,201062,Y,17/09/2019,12/09/2019
19,305685,Y,30/08/2019,29/08/2019
19,404731,Y,09/09/2019,28/08/2019
19,504061,Y,27/08/2019,23/08/2019
19,504978,Y,19/09/2019,12/09/2019
19,506600,Y,11/09/2019,22/08/2019
19,603176,Y,19/09/2019,17/09/2019
19,606420,Y,18/09/2019,12/09/2019
19,803697,Y,22/08/2019,22/08/2019
19,902905,Y,12/09/2019,10/09/2019
19,903634,Y,18/09/2019,17/09/2019
19,903840,Y,18/09/2019,28/08/2019
19,1102870,Y,27/08/2019,22/08/2019
19,1202468,Y,06/09/2019,29/08/2019
19,1303269,Y,02/09/2019,29/08/2019
19,1307520,Y,11/09/2019,10/09/2019
19,1400114,Y,28/08/2019,27/08/2019
19,1400911,Y,03/09/2019,28/08/2019
19,1402625,Y,08/09/2019,22/08/2019
19,1403676,Y,25/08/2019,22/08/2019
19,1405235,Y,03/09/2019,02/09/2019
19,1405352,Y,29/08/2019,29/08/2019
19,1405467,Y,05/09/2019,05/09/2019
19,1500604,Y,05/09/2019,05/09/2019
19,1501098,Y,22/08/2019,22/08/2019
19,1501098,Y,22/08/2019,22/08/2019
19,1501632,Y,09/09/2019,29/08/2019
19,1502469,Y,03/09/2019,03/09/2019
19,1503810,Y,28/08/2019,28/08/2019
19,1504284,Y,28/08/2019,21/08/2019
19,1600033,Y,31/08/2019,29/08/2019
19,1600559,Y,31/08/2019,22/08/2019
19,1600919,Y,06/09/2019,02/09/2019
19,1600922,Y,03/09/2019,02/09/2019
19,1600946,Y,10/09/2019,29/08/2019
19,1602038,Y,24/08/2019,22/08/2019
19,1603295,Y,22/08/2019,22/08/2019
19,1605990,,,22/08/2019
19,1606210,Y,27/08/2019,27/08/2019
19,1606236,Y,18/09/2019,12/09/2019
19,1607383,Y,28/08/2019,21/08/2019
19,1607500,Y,03/09/2019,22/08/2019
19,1607883,Y,30/08/2019,30/08/2019
19,1700124,Y,06/09/2019,22/08/2019
19,1700366,,,23/08/2019
19,1700538,Y,24/08/2019,23/08/2019
19,1701156,Y,22/08/2019,22/08/2019
19,1702816,Y,14/09/2019,12/09/2019
19,1702958,,,16/09/2019
19,1703995,Y,27/08/2019,27/08/2019
19,1704221,Y,22/08/2019,22/08/2019
19,1704446,Y,18/09/2019,18/09/2019
19,1704446,Y,18/09/2019,18/09/2019
19,1704792,Y,27/08/2019,23/08/2019
19,1705463,Y,28/08/2019,23/08/2019
19,1705474,Y,11/09/2019,09/09/2019
19,1705528,,,30/08/2019
19,1706069,Y,29/08/2019,22/08/2019
19,1706134,Y,19/09/2019,17/09/2019
19,1706134,Y,19/09/2019,17/09/2019
19,1800110,Y,27/08/2019,23/08/2019
19,1800146,Y,23/08/2019,23/08/2019
19,1800189,,,22/08/2019
19,1800205,Y,02/09/2019,30/08/2019
19,1800482,Y,02/09/2019,23/08/2019
19,1800685,,,23/08/2019
19,1800788,Y,23/08/2019,23/08/2019
19,1800843,Y,08/09/2019,22/08/2019
19,1800884,Y,01/09/2019,22/08/2019
19,1800969,Y,10/09/2019,23/08/2019
19,1800974,Y,08/09/2019,22/08/2019
19,1801001,Y,27/08/2019,27/08/2019
19,1801021,Y,16/09/2019,02/09/2019
19,1801024,,,31/10/2018
19,1801060,Y,12/09/2019,23/08/2019
19,1801095,Y,26/08/2019,22/08/2019
19,1801291,Y,03/09/2019,27/08/2019
19,1801363,Y,29/08/2019,27/08/2019
19,1801371,Y,27/08/2019,27/08/2019
19,1801372,Y,27/08/2019,27/08/2019
19,1801389,Y,03/09/2019,22/08/2019
19,1801465,Y,24/08/2019,23/08/2019
19,1801658,,,23/08/2019
19,1801716,Y,07/09/2019,27/08/2019
19,1801804,,,23/08/2019
19,1801824,Y,04/09/2019,27/08/2019
19,1801849,Y,23/08/2019,23/08/2019
19,1801881,Y,24/08/2019,23/08/2019
19,1802010,Y,22/08/2019,22/08/2019
19,1802042,Y,23/08/2019,22/08/2019
19,1802134,Y,09/09/2019,06/09/2019
19,1802142,Y,24/08/2019,23/08/2019
19,1802175,Y,31/08/2019,22/08/2019
19,1802200,Y,01/09/2019,27/08/2019
19,1802266,Y,01/09/2019,27/08/2019
19,1802269,Y,29/08/2019,27/08/2019
19,1802361,Y,30/08/2019,23/08/2019
19,1802430,Y,22/08/2019,22/08/2019
19,1802501,Y,27/08/2019,27/08/2019
19,1802555,Y,27/08/2019,27/08/2019
19,1802566,Y,02/09/2019,02/09/2019
19,1802585,Y,16/09/2019,16/09/2019
19,1802608,Y,06/09/2019,27/08/2019
19,1802797,Y,27/08/2019,23/08/2019
19,1802826,Y,29/08/2019,27/08/2019
19,1802876,Y,24/09/2019,22/08/2019
19,1802891,Y,01/09/2019,22/08/2019
19,1802900,Y,27/08/2019,22/08/2019
19,1802915,Y,28/08/2019,27/08/2019
19,1803079,Y,29/08/2019,22/08/2019
19,1803246,Y,28/08/2019,22/08/2019
19,1803312,Y,12/09/2019,12/09/2019
19,1803423,Y,11/09/2019,11/09/2019
19,1803494,Y,29/08/2019,22/08/2019
19,1803575,Y,05/09/2019,27/08/2019
19,1803694,Y,27/08/2019,23/08/2019
19,1803696,,,23/08/2019
19,1803698,Y,03/09/2019,23/08/2019
19,1803711,Y,07/09/2019,27/08/2019
19,1803753,Y,08/09/2019,22/08/2019
19,1803789,Y,16/09/2019,27/08/2019
19,1803901,Y,27/08/2019,27/08/2019
19,1803947,Y,03/09/2019,21/08/2019
19,1803961,Y,18/09/2019,16/09/2019
19,1804015,Y,26/08/2019,22/08/2019
19,1804106,Y,03/09/2019,23/08/2019
19,1804275,Y,31/08/2019,27/08/2019
19,1804288,Y,26/08/2019,23/08/2019
19,1804291,Y,18/09/2019,17/09/2019
19,1804307,Y,05/09/2019,02/09/2019
19,1804369,Y,22/09/2019,22/08/2019
19,1804485,,,27/08/2019
19,1804500,Y,04/09/2019,23/08/2019
19,1804542,,,22/08/2019
19,1804577,Y,31/08/2019,23/08/2019
19,1804590,Y,25/08/2019,23/08/2019
19,1804621,Y,30/08/2019,27/08/2019
19,1804643,Y,29/08/2019,23/08/2019
19,1804703,Y,05/09/2019,23/08/2019
19,1804708,Y,25/08/2019,23/08/2019
19,1804760,Y,27/08/2019,22/08/2019
19,1804875,Y,08/09/2019,23/08/2019
19,1804899,,,22/08/2019
19,1804923,Y,10/09/2019,22/08/2019
19,1804968,Y,31/08/2019,23/08/2019
19,1804984,,,23/08/2019
19,1805007,Y,17/09/2019,16/09/2019
19,1805012,Y,18/09/2019,22/08/2019
19,1805067,,,22/08/2019
19,1805126,Y,01/09/2019,22/08/2019
19,1805132,Y,10/09/2019,22/08/2019
19,1805282,Y,23/09/2019,12/09/2019
19,1805289,Y,02/09/2019,30/08/2019
19,1805568,Y,23/08/2019,22/08/2019
19,1805650,Y,29/08/2019,23/08/2019
19,1805716,Y,09/09/2019,02/09/2019
19,1805800,Y,23/08/2019,22/08/2019
19,1805833,Y,24/08/2019,22/08/2019
19,1805863,,,16/09/2019
19,1805912,Y,02/09/2019,22/08/2019
19,1805940,,,23/08/2019
19,1806017,Y,27/08/2019,27/08/2019
19,1806384,Y,16/09/2019,12/09/2019
19,1806427,Y,02/09/2019,30/08/2019
19,1806502,,,17/09/2019
19,1806610,,,12/09/2019
19,1806615,Y,02/09/2019,27/08/2019
19,1806630,Y,13/09/2019,29/08/2019
19,1807124,Y,31/08/2019,22/08/2019
19,1900004,Y,03/09/2019,27/08/2019
19,1900011,Y,23/08/2019,22/08/2019
19,1900016,Y,03/09/2019,27/08/2019
19,1900027,Y,27/08/2019,27/08/2019
19,1900028,Y,03/09/2019,23/08/2019
19,1900035,Y,28/08/2019,22/08/2019
19,1900039,Y,23/08/2019,22/08/2019
19,1900046,Y,02/09/2019,02/09/2019
19,1900062,Y,22/08/2019,22/08/2019
19,1900066,Y,27/08/2019,27/08/2019
19,1900067,Y,29/08/2019,27/08/2019
19,1900080,Y,27/08/2019,27/08/2019
19,1900087,Y,25/08/2019,23/08/2019
19,1900091,Y,04/09/2019,02/09/2019
19,1900095,Y,25/08/2019,21/08/2019
19,1900097,Y,09/09/2019,09/09/2019
19,1900108,Y,27/08/2019,27/08/2019
19,1900111,Y,01/09/2019,23/08/2019
19,1900118,Y,29/08/2019,29/08/2019
19,1900121,Y,16/09/2019,16/09/2019
19,1900122,Y,03/09/2019,23/08/2019
19,1900132,Y,27/08/2019,27/08/2019
19,1900135,Y,24/08/2019,22/08/2019
19,1900139,Y,29/08/2019,22/08/2019
19,1900150,Y,12/09/2019,29/08/2019
19,1900161,Y,28/08/2019,22/08/2019
19,1900181,Y,06/09/2019,29/08/2019
19,1900194,Y,26/08/2019,22/08/2019
19,1900197,Y,16/09/2019,27/08/2019
19,1900205,Y,22/08/2019,22/08/2019
19,1900213,Y,01/09/2019,27/08/2019
19,1900215,Y,01/09/2019,30/08/2019
19,1900224,Y,27/08/2019,27/08/2019
19,1900225,Y,24/08/2019,22/08/2019
19,1900229,Y,16/09/2019,23/08/2019
19,1900230,Y,29/08/2019,27/08/2019
19,1900231,Y,13/09/2019,27/08/2019
19,1900236,Y,10/09/2019,10/09/2019
19,1900239,Y,06/09/2019,27/08/2019
19,1900242,Y,02/09/2019,02/09/2019
19,1900262,Y,27/08/2019,27/08/2019
19,1900267,Y,24/09/2019,23/09/2019
19,1900278,Y,22/08/2019,22/08/2019
19,1900280,Y,19/09/2019,19/09/2019
19,1900283,Y,28/08/2019,23/08/2019
19,1900287,Y,13/09/2019,12/09/2019
19,1900296,Y,24/08/2019,23/08/2019
19,1900306,Y,24/08/2019,23/08/2019
19,1900313,Y,04/09/2019,02/09/2019
19,1900317,Y,23/08/2019,22/08/2019
19,1900345,Y,11/09/2019,10/09/2019
19,1900351,Y,30/08/2019,27/08/2019
19,1900357,Y,27/08/2019,27/08/2019
19,1900361,Y,27/08/2019,22/08/2019
19,1900362,Y,02/09/2019,02/09/2019
19,1900363,Y,09/09/2019,22/08/2019
19,1900365,Y,28/08/2019,22/08/2019
19,1900368,Y,02/09/2019,22/08/2019
19,1900374,Y,09/09/2019,23/08/2019
19,1900381,Y,27/08/2019,27/08/2019
19,1900385,Y,27/08/2019,27/08/2019
19,1900418,Y,22/08/2019,22/08/2019
19,1900423,Y,02/09/2019,02/09/2019
19,1900426,Y,30/08/2019,22/08/2019
19,1900432,Y,09/09/2019,04/09/2019
19,1900448,Y,30/08/2019,22/08/2019
19,1900450,Y,24/08/2019,23/08/2019
19,1900452,Y,28/08/2019,27/08/2019
19,1900454,Y,22/08/2019,22/08/2019
19,1900462,Y,02/09/2019,22/08/2019
19,1900466,Y,11/09/2019,27/08/2019
19,1900483,Y,06/09/2019,22/08/2019
19,1900489,Y,29/08/2019,22/08/2019
19,1900506,Y,05/09/2019,21/08/2019
19,1900534,Y,02/09/2019,27/08/2019
19,1900540,Y,08/09/2019,27/08/2019
19,1900545,Y,23/08/2019,22/08/2019
19,1900548,Y,09/09/2019,27/08/2019
19,1900564,Y,27/08/2019,27/08/2019
19,1900576,Y,29/08/2019,27/08/2019
19,1900578,Y,25/08/2019,22/08/2019
19,1900583,Y,29/08/2019,27/08/2019
19,1900584,Y,06/09/2019,22/08/2019
19,1900593,Y,03/09/2019,27/08/2019
19,1900598,Y,02/09/2019,02/09/2019
19,1900605,Y,02/09/2019,02/09/2019
19,1900608,Y,27/08/2019,23/08/2019
19,1900612,Y,29/08/2019,27/08/2019
19,1900614,Y,09/09/2019,02/09/2019
19,1900615,Y,23/08/2019,22/08/2019
19,1900619,Y,27/08/2019,27/08/2019
19,1900620,Y,30/08/2019,27/08/2019
19,1900628,Y,06/09/2019,02/09/2019
19,1900630,Y,25/08/2019,23/08/2019
19,1900656,Y,24/08/2019,22/08/2019
19,1900657,Y,06/09/2019,27/08/2019
19,1900659,Y,23/08/2019,23/08/2019
19,1900663,Y,23/08/2019,22/08/2019
19,1900664,Y,02/09/2019,27/08/2019
19,1900671,Y,28/08/2019,22/08/2019
19,1900679,Y,03/09/2019,02/09/2019
19,1900681,Y,28/08/2019,27/08/2019
19,1900689,Y,28/08/2019,23/08/2019
19,1900696,Y,26/08/2019,22/08/2019
19,1900704,Y,28/08/2019,27/08/2019
19,1900705,Y,18/09/2019,12/09/2019
19,1900719,Y,13/09/2019,11/09/2019
19,1900722,Y,30/08/2019,30/08/2019
19,1900724,Y,23/08/2019,23/08/2019
19,1900747,Y,02/09/2019,02/09/2019
19,1900748,Y,22/08/2019,22/08/2019
19,1900749,Y,19/09/2019,22/08/2019
19,1900751,Y,03/09/2019,22/08/2019
19,1900753,Y,28/08/2019,27/08/2019
19,1900756,Y,27/08/2019,27/08/2019
19,1900759,Y,27/08/2019,22/08/2019
19,1900761,Y,05/09/2019,23/08/2019
19,1900767,Y,06/09/2019,27/08/2019
19,1900769,Y,10/09/2019,23/08/2019
19,1900770,Y,04/09/2019,22/08/2019
19,1900784,Y,24/09/2019,23/09/2019
19,1900796,Y,02/09/2019,29/08/2019
19,1900797,Y,03/09/2019,22/08/2019
19,1900802,Y,23/08/2019,22/08/2019
19,1900803,Y,27/08/2019,27/08/2019
19,1900806,Y,02/09/2019,23/08/2019
19,1900810,Y,10/09/2019,23/08/2019
19,1900811,Y,23/08/2019,22/08/2019
19,1900815,Y,03/09/2019,22/08/2019
19,1900816,Y,05/09/2019,02/09/2019
19,1900820,Y,24/08/2019,23/08/2019
19,1900827,Y,29/08/2019,22/08/2019
19,1900837,Y,27/08/2019,27/08/2019
19,1900842,,,30/08/2019
19,1900845,Y,09/09/2019,22/08/2019
19,1900860,Y,28/08/2019,27/08/2019
19,1900864,Y,17/09/2019,17/09/2019
19,1900873,Y,29/08/2019,27/08/2019
19,1900879,Y,26/08/2019,23/08/2019
19,1900880,Y,23/08/2019,22/08/2019
19,1900887,Y,16/09/2019,16/09/2019
19,1900891,Y,24/08/2019,22/08/2019
19,1900893,Y,30/08/2019,28/08/2019
19,1900899,Y,27/08/2019,27/08/2019
19,1900900,Y,11/09/2019,02/09/2019
19,1900901,Y,27/08/2019,23/08/2019
19,1900902,Y,05/09/2019,27/08/2019
19,1900906,Y,28/08/2019,27/08/2019
19,1900907,Y,30/08/2019,27/08/2019
19,1900910,Y,27/08/2019,27/08/2019
19,1900914,Y,03/09/2019,02/09/2019
19,1900917,Y,04/09/2019,27/08/2019
19,1900926,Y,26/08/2019,22/08/2019
19,1900928,Y,22/09/2019,19/09/2019
19,1900932,Y,02/09/2019,27/08/2019
19,1900935,Y,27/08/2019,22/08/2019
19,1900937,Y,23/08/2019,23/08/2019
19,1900939,Y,28/08/2019,27/08/2019
19,1900946,Y,06/09/2019,29/08/2019
19,1900949,Y,25/08/2019,22/08/2019
19,1900959,Y,23/08/2019,22/08/2019
19,1900962,Y,03/09/2019,02/09/2019
19,1900969,Y,09/09/2019,22/08/2019
19,1900973,Y,22/08/2019,22/08/2019
19,1900975,Y,31/08/2019,27/08/2019
19,1900981,Y,23/08/2019,23/08/2019
19,1900983,Y,29/08/2019,28/08/2019
19,1900984,Y,27/08/2019,27/08/2019
19,1900987,Y,30/08/2019,27/08/2019
19,1900999,Y,22/08/2019,22/08/2019
19,1901017,Y,30/08/2019,27/08/2019
19,1901024,Y,29/08/2019,22/08/2019
19,1901025,Y,11/09/2019,22/08/2019
19,1901026,Y,05/09/2019,02/09/2019
19,1901031,Y,05/09/2019,02/09/2019
19,1901033,Y,03/09/2019,27/08/2019
19,1901034,Y,06/09/2019,23/08/2019
19,1901036,Y,09/09/2019,02/09/2019
19,1901037,Y,27/08/2019,27/08/2019
19,1901045,Y,09/09/2019,22/08/2019
19,1901047,Y,01/09/2019,22/08/2019
19,1901056,Y,04/09/2019,27/08/2019
19,1901065,Y,27/08/2019,27/08/2019
19,1901076,Y,04/09/2019,03/09/2019
19,1901077,Y,28/08/2019,27/08/2019
19,1901078,Y,29/08/2019,23/08/2019
19,1901079,Y,02/09/2019,23/08/2019
19,1901087,Y,03/09/2019,22/08/2019
19,1901091,Y,06/09/2019,22/08/2019
19,1901093,Y,06/09/2019,22/08/2019
19,1901099,Y,22/08/2019,22/08/2019
19,1901148,Y,22/08/2019,22/08/2019
19,1901149,Y,05/09/2019,02/09/2019
19,1901150,Y,29/08/2019,22/08/2019
19,1901151,Y,07/09/2019,22/08/2019
19,1901154,Y,28/08/2019,27/08/2019
19,1901159,Y,24/08/2019,23/08/2019
19,1901160,Y,01/09/2019,22/08/2019
19,1901162,Y,03/09/2019,23/08/2019
19,1901163,Y,27/08/2019,27/08/2019
19,1901176,Y,03/09/2019,02/09/2019
19,1901179,Y,28/08/2019,22/08/2019
19,1901180,Y,23/08/2019,23/08/2019
19,1901194,Y,27/08/2019,27/08/2019
19,1901196,Y,02/09/2019,02/09/2019
19,1901200,Y,02/09/2019,23/08/2019
19,1901202,Y,09/09/2019,27/08/2019
19,1901203,Y,03/09/2019,27/08/2019
19,1901205,Y,29/08/2019,23/08/2019
19,1901217,Y,27/08/2019,27/08/2019
19,1901219,Y,22/08/2019,22/08/2019
19,1901221,Y,23/08/2019,23/08/2019
19,1901228,Y,02/09/2019,27/08/2019
19,1901232,Y,27/08/2019,27/08/2019
19,1901241,Y,22/08/2019,22/08/2019
19,1901254,Y,03/09/2019,02/09/2019
19,1901267,Y,09/09/2019,22/08/2019
19,1901279,Y,23/08/2019,22/08/2019
19,1901280,Y,20/09/2019,17/09/2019
19,1901287,Y,28/08/2019,27/08/2019
19,1901288,Y,24/08/2019,23/08/2019
19,1901294,Y,28/08/2019,22/08/2019
19,1901295,Y,23/08/2019,22/08/2019
19,1901300,Y,22/08/2019,22/08/2019
19,1901303,Y,23/08/2019,23/08/2019
19,1901314,Y,09/09/2019,02/09/2019
19,1901321,Y,25/09/2019,23/09/2019
19,1901324,Y,01/09/2019,23/08/2019
19,1901325,Y,24/08/2019,22/08/2019
19,1901328,Y,10/09/2019,02/09/2019
19,1901329,Y,14/09/2019,22/08/2019
19,1901330,Y,05/09/2019,23/08/2019
19,1901336,Y,27/08/2019,27/08/2019
19,1901342,Y,23/08/2019,22/08/2019
19,1901345,Y,28/08/2019,27/08/2019
19,1901347,Y,23/08/2019,23/08/2019
19,1901348,Y,22/08/2019,22/08/2019
19,1901349,Y,28/08/2019,22/08/2019
19,1901358,Y,27/08/2019,22/08/2019
19,1901359,Y,01/09/2019,27/08/2019
19,1901364,Y,24/08/2019,22/08/2019
19,1901374,Y,22/08/2019,22/08/2019
19,1901377,Y,30/08/2019,27/08/2019
19,1901378,Y,24/08/2019,23/08/2019
19,1901381,Y,07/09/2019,22/08/2019
19,1901383,Y,17/09/2019,02/09/2019
19,1901385,Y,24/08/2019,22/08/2019
19,1901391,Y,27/08/2019,22/08/2019
19,1901393,Y,22/08/2019,22/08/2019
19,1901402,Y,04/09/2019,22/08/2019
19,1901409,Y,29/08/2019,23/08/2019
19,1901411,Y,23/08/2019,23/08/2019
19,1901428,Y,26/08/2019,23/08/2019
19,1901433,Y,28/08/2019,27/08/2019
19,1901434,Y,24/08/2019,22/08/2019
19,1901435,,,16/09/2019
19,1901439,Y,16/09/2019,13/09/2019
19,1901466,Y,10/09/2019,10/09/2019
19,1901468,Y,05/09/2019,27/08/2019
19,1901472,Y,07/09/2019,28/08/2019
19,1901474,Y,28/08/2019,27/08/2019
19,1901478,Y,24/08/2019,23/08/2019
19,1901495,Y,28/08/2019,23/08/2019
19,1901502,Y,03/09/2019,02/09/2019
19,1901505,,,30/08/2019
19,1901526,Y,23/08/2019,22/08/2019
19,1901539,Y,29/08/2019,27/08/2019
19,1901547,Y,26/08/2019,23/08/2019
19,1901550,Y,30/08/2019,23/08/2019
19,1901553,Y,23/08/2019,22/08/2019
19,1901558,Y,24/08/2019,23/08/2019
19,1901559,Y,31/08/2019,22/08/2019
19,1901560,Y,01/09/2019,27/08/2019
19,1901565,Y,26/08/2019,22/08/2019
19,1901570,Y,24/08/2019,23/08/2019
19,1901574,Y,09/09/2019,02/09/2019
19,1901589,Y,02/09/2019,22/08/2019
19,1901590,Y,23/08/2019,22/08/2019
19,1901594,Y,30/08/2019,22/08/2019
19,1901595,Y,29/08/2019,23/08/2019
19,1901608,Y,28/08/2019,27/08/2019
19,1901618,Y,19/09/2019,02/09/2019
19,1901622,Y,23/08/2019,22/08/2019
19,1901627,Y,03/09/2019,02/09/2019
19,1901628,Y,16/09/2019,23/08/2019
19,1901630,Y,07/09/2019,27/08/2019
19,1901633,Y,23/08/2019,22/08/2019
19,1901637,Y,09/09/2019,23/08/2019
19,1901639,Y,22/08/2019,22/08/2019
19,1901641,Y,13/09/2019,29/08/2019
19,1901645,Y,26/08/2019,22/08/2019
19,1901647,Y,27/08/2019,27/08/2019
19,1901649,Y,18/09/2019,17/09/2019
19,1901653,Y,27/08/2019,27/08/2019
19,1901659,,,30/08/2019
19,1901665,Y,06/09/2019,23/08/2019
19,1901676,Y,17/09/2019,22/08/2019
19,1901679,Y,23/08/2019,22/08/2019
19,1901686,Y,22/08/2019,22/08/2019
19,1901690,Y,25/08/2019,23/08/2019
19,1901698,,,22/08/2019
19,1901701,Y,24/08/2019,23/08/2019
19,1901716,Y,29/08/2019,22/08/2019
19,1901717,,,28/08/2019
19,1901732,Y,31/08/2019,23/08/2019
19,1901736,Y,28/08/2019,27/08/2019
19,1901738,Y,24/08/2019,23/08/2019
19,1901756,Y,27/08/2019,27/08/2019
19,1901758,Y,27/08/2019,27/08/2019
19,1901763,Y,27/08/2019,27/08/2019
19,1901764,Y,28/08/2019,22/08/2019
19,1901768,Y,31/08/2019,22/08/2019
19,1901776,Y,04/09/2019,23/08/2019
19,1901787,Y,27/08/2019,22/08/2019
19,1901789,Y,04/09/2019,27/08/2019
19,1901791,Y,24/09/2019,23/09/2019
19,1901792,Y,28/08/2019,23/08/2019
19,1901797,Y,15/09/2019,02/09/2019
19,1901830,Y,05/09/2019,02/09/2019
19,1901845,Y,15/09/2019,11/09/2019
19,1901852,Y,06/09/2019,23/08/2019
19,1901854,Y,24/08/2019,22/08/2019
19,1901866,Y,20/09/2019,20/09/2019
19,1901868,Y,09/09/2019,23/08/2019
19,1901872,Y,23/08/2019,22/08/2019
19,1901882,Y,26/08/2019,22/08/2019
19,1901883,Y,03/09/2019,22/08/2019
19,1901886,Y,09/09/2019,22/08/2019
19,1901892,Y,26/08/2019,23/08/2019
19,1901901,Y,22/08/2019,22/08/2019
19,1901902,Y,02/09/2019,22/08/2019
19,1901903,Y,23/08/2019,22/08/2019
19,1901909,Y,23/08/2019,22/08/2019
19,1901910,Y,27/08/2019,22/08/2019
19,1901917,Y,27/08/2019,27/08/2019
19,1901918,Y,29/08/2019,23/08/2019
19,1901928,Y,26/08/2019,22/08/2019
19,1901934,Y,02/09/2019,23/08/2019
19,1901937,Y,09/09/2019,22/08/2019
19,1901938,Y,24/08/2019,22/08/2019
19,1901939,Y,27/08/2019,27/08/2019
19,1901942,Y,30/08/2019,22/08/2019
19,1901950,Y,16/09/2019,22/08/2019
19,1901958,Y,23/08/2019,23/08/2019
19,1901977,Y,27/08/2019,27/08/2019
19,1901997,Y,03/09/2019,28/08/2019
19,1901998,Y,01/09/2019,27/08/2019
19,1902003,,,02/09/2019
19,1902007,Y,28/08/2019,22/08/2019
19,1902010,Y,09/09/2019,22/08/2019
19,1902016,Y,05/09/2019,22/08/2019
19,1902033,Y,09/09/2019,22/08/2019
19,1902034,Y,25/08/2019,22/08/2019
19,1902035,Y,09/09/2019,02/09/2019
19,1902036,Y,27/08/2019,23/08/2019
19,1902039,Y,12/09/2019,22/08/2019
19,1902043,Y,29/08/2019,23/08/2019
19,1902050,Y,22/08/2019,22/08/2019
19,1902055,Y,01/09/2019,23/08/2019
19,1902057,Y,23/08/2019,23/08/2019
19,1902066,Y,27/08/2019,27/08/2019
19,1902070,Y,16/09/2019,23/08/2019
19,1902072,Y,22/08/2019,22/08/2019
19,1902076,Y,25/08/2019,22/08/2019
19,1902077,Y,13/09/2019,27/08/2019
19,1902079,Y,11/09/2019,22/08/2019
19,1902082,Y,03/09/2019,02/09/2019
19,1902083,Y,27/08/2019,27/08/2019
19,1902084,Y,27/08/2019,27/08/2019
19,1902085,Y,22/08/2019,22/08/2019
19,1902101,Y,24/08/2019,23/08/2019
19,1902111,Y,29/08/2019,27/08/2019
19,1902117,Y,02/09/2019,22/08/2019
19,1902118,Y,03/09/2019,02/09/2019
19,1902121,Y,27/08/2019,27/08/2019
19,1902126,Y,23/08/2019,22/08/2019
19,1902135,Y,23/08/2019,23/08/2019
19,1902139,Y,02/09/2019,27/08/2019
19,1902144,Y,09/09/2019,22/08/2019
19,1902145,Y,27/08/2019,27/08/2019
19,1902154,Y,28/08/2019,23/08/2019
19,1902155,Y,22/08/2019,22/08/2019
19,1902159,Y,22/08/2019,22/08/2019
19,1902161,Y,02/09/2019,22/08/2019
19,1902164,Y,10/09/2019,02/09/2019
19,1902170,Y,27/08/2019,21/08/2019
19,1902173,Y,27/08/2019,23/08/2019
19,1902177,Y,05/09/2019,28/08/2019
19,1902178,Y,26/08/2019,22/08/2019
19,1902179,Y,02/09/2019,30/08/2019
19,1902180,Y,30/08/2019,27/08/2019
19,1902182,Y,12/09/2019,22/08/2019
19,1902183,Y,18/09/2019,22/08/2019
19,1902186,Y,28/08/2019,27/08/2019
19,1902187,Y,23/08/2019,22/08/2019
19,1902189,Y,08/09/2019,22/08/2019
19,1902194,Y,29/08/2019,27/08/2019
19,1902204,,,22/08/2019
19,1902207,Y,09/09/2019,27/08/2019
19,1902214,Y,23/08/2019,23/08/2019
19,1902220,Y,27/08/2019,27/08/2019
19,1902225,Y,23/08/2019,22/08/2019
19,1902230,,,22/08/2019
19,1902234,Y,06/09/2019,02/09/2019
19,1902244,Y,02/09/2019,02/09/2019
19,1902246,Y,31/08/2019,23/08/2019
19,1902247,Y,30/08/2019,30/08/2019
19,1902250,,,28/08/2019
19,1902251,Y,23/08/2019,22/08/2019
19,1902255,Y,22/08/2019,22/08/2019
19,1902270,Y,01/09/2019,27/08/2019
19,1902271,Y,13/09/2019,27/08/2019
19,1902273,Y,17/09/2019,22/08/2019
19,1902275,Y,15/09/2019,02/09/2019
19,1902287,Y,24/08/2019,22/08/2019
19,1902298,Y,23/08/2019,22/08/2019
19,1902304,,,23/08/2019
19,1902312,Y,01/09/2019,27/08/2019
19,1902315,Y,30/08/2019,27/08/2019
19,1902319,Y,16/09/2019,22/08/2019
19,1902321,Y,23/08/2019,23/08/2019
19,1902322,Y,05/09/2019,22/08/2019
19,1902330,Y,23/08/2019,22/08/2019
19,1902331,Y,12/09/2019,22/08/2019
19,1902332,Y,27/08/2019,22/08/2019
19,1902339,Y,30/08/2019,29/08/2019
19,1902347,Y,11/09/2019,02/09/2019
19,1902349,Y,24/08/2019,23/08/2019
19,1902350,Y,01/09/2019,27/08/2019
19,1902352,Y,09/09/2019,22/08/2019
19,1902357,Y,26/08/2019,22/08/2019
19,1902358,Y,23/08/2019,22/08/2019
19,1902364,Y,25/08/2019,22/08/2019
19,1902365,Y,,05/09/2019
19,1902367,Y,13/09/2019,27/08/2019
19,1902373,Y,27/08/2019,22/08/2019
19,1902376,Y,06/09/2019,27/08/2019
19,1902378,Y,26/08/2019,22/08/2019
19,1902380,Y,20/09/2019,02/09/2019
19,1902384,Y,24/08/2019,22/08/2019
19,1902385,Y,05/09/2019,22/08/2019
19,1902386,Y,25/08/2019,22/08/2019
19,1902387,Y,07/09/2019,23/08/2019
19,1902391,Y,29/08/2019,27/08/2019
19,1902395,Y,02/09/2019,22/08/2019
19,1902398,Y,04/09/2019,27/08/2019
19,1902400,Y,23/08/2019,22/08/2019
19,1902403,Y,28/08/2019,23/08/2019
19,1902407,Y,31/08/2019,27/08/2019
19,1902409,Y,26/08/2019,23/08/2019
19,1902415,Y,28/08/2019,22/08/2019
19,1902419,Y,28/08/2019,27/08/2019
19,1902420,Y,24/08/2019,23/08/2019
19,1902427,Y,28/08/2019,27/08/2019
19,1902428,Y,26/09/2019,23/09/2019
19,1902431,Y,29/08/2019,27/08/2019
19,1902437,Y,11/09/2019,28/08/2019
19,1902438,Y,18/09/2019,18/09/2019
19,1902443,Y,18/09/2019,17/09/2019
19,1902448,Y,05/09/2019,02/09/2019
19,1902449,Y,06/09/2019,22/08/2019
19,1902456,Y,23/08/2019,22/08/2019
19,1902463,Y,25/08/2019,22/08/2019
19,1902466,Y,25/08/2019,22/08/2019
19,1902468,Y,27/08/2019,27/08/2019
19,1902473,Y,27/08/2019,27/08/2019
19,1902481,Y,27/08/2019,27/08/2019
19,1902487,Y,20/09/2019,22/08/2019
19,1902492,Y,09/09/2019,02/09/2019
19,1902493,Y,17/09/2019,16/09/2019
19,1902496,Y,03/09/2019,02/09/2019
19,1902509,Y,23/09/2019,22/08/2019
19,1902515,Y,27/08/2019,23/08/2019
19,1902517,Y,30/08/2019,22/08/2019
19,1902519,,,22/08/2019
19,1902528,Y,24/08/2019,22/08/2019
19,1902532,Y,25/08/2019,23/08/2019
19,1902539,Y,24/08/2019,22/08/2019
19,1902540,Y,16/09/2019,23/08/2019
19,1902544,Y,28/08/2019,27/08/2019
19,1902553,Y,23/08/2019,22/08/2019
19,1902554,Y,27/08/2019,27/08/2019
19,1902555,Y,02/09/2019,02/09/2019
19,1902556,Y,16/09/2019,22/08/2019
19,1902558,Y,28/08/2019,23/08/2019
19,1902561,Y,29/08/2019,27/08/2019
19,1902568,Y,27/08/2019,22/08/2019
19,1902570,Y,30/08/2019,22/08/2019
19,1902573,Y,24/08/2019,22/08/2019
19,1902577,Y,19/09/2019,02/09/2019
19,1902581,Y,24/08/2019,23/08/2019
19,1902583,Y,28/08/2019,22/08/2019
19,1902585,Y,27/08/2019,23/08/2019
19,1902587,Y,23/08/2019,22/08/2019
19,1902588,Y,27/08/2019,22/08/2019
19,1902591,Y,25/08/2019,22/08/2019
19,1902592,Y,25/08/2019,22/08/2019
19,1902595,Y,27/08/2019,23/08/2019
19,1902598,,,23/08/2019
19,1902602,Y,21/09/2019,16/09/2019
19,1902611,Y,30/08/2019,22/08/2019
19,1902612,Y,02/09/2019,22/08/2019
19,1902617,Y,28/08/2019,27/08/2019
19,1902621,Y,28/08/2019,27/08/2019
19,1902638,Y,23/08/2019,22/08/2019
19,1902640,Y,19/09/2019,02/09/2019
19,1902643,Y,17/09/2019,17/09/2019
19,1902648,Y,27/08/2019,27/08/2019
19,1902649,Y,23/08/2019,23/08/2019
19,1902652,Y,09/09/2019,28/08/2019
19,1902653,Y,07/09/2019,27/08/2019
19,1902660,Y,24/08/2019,23/08/2019
19,1902664,Y,30/08/2019,27/08/2019
19,1902670,Y,29/08/2019,22/08/2019
19,1902671,Y,23/08/2019,22/08/2019
19,1902686,Y,04/09/2019,23/08/2019
19,1902689,Y,09/09/2019,27/08/2019
19,1902691,Y,26/08/2019,21/08/2019
19,1902696,Y,17/09/2019,02/09/2019
19,1902703,Y,08/09/2019,22/08/2019
19,1902706,Y,08/09/2019,27/08/2019
19,1902707,Y,27/08/2019,27/08/2019
19,1902715,Y,15/09/2019,30/08/2019
19,1902717,Y,03/09/2019,23/08/2019
19,1902723,Y,24/08/2019,22/08/2019
19,1902729,Y,11/09/2019,22/08/2019
19,1902744,Y,27/08/2019,27/08/2019
19,1902748,Y,16/09/2019,27/08/2019
19,1902755,Y,10/09/2019,27/08/2019
19,1902758,Y,30/08/2019,27/08/2019
19,1902759,Y,29/08/2019,27/08/2019
19,1902765,Y,05/09/2019,02/09/2019
19,1902768,Y,02/09/2019,22/08/2019
19,1902769,Y,25/08/2019,22/08/2019
19,1902774,Y,02/09/2019,27/08/2019
19,1902776,Y,27/08/2019,27/08/2019
19,1902779,Y,01/09/2019,27/08/2019
19,1902787,Y,23/08/2019,23/08/2019
19,1902791,Y,28/08/2019,27/08/2019
19,1902795,Y,19/09/2019,27/08/2019
19,1902796,Y,23/08/2019,22/08/2019
19,1902799,Y,16/09/2019,30/08/2019
19,1902809,Y,27/08/2019,27/08/2019
19,1902810,Y,10/09/2019,10/09/2019
19,1902813,Y,09/09/2019,27/08/2019
19,1902815,Y,23/08/2019,22/08/2019
19,1902817,Y,29/08/2019,27/08/2019
19,1902818,Y,09/09/2019,22/08/2019
19,1902822,Y,05/09/2019,27/08/2019
19,1902828,Y,28/08/2019,27/08/2019
19,1902833,Y,27/08/2019,27/08/2019
19,1902841,Y,24/08/2019,22/08/2019
19,1902846,Y,30/08/2019,27/08/2019
19,1902847,Y,01/09/2019,22/08/2019
19,1902855,,,30/08/2019
19,1902856,Y,31/08/2019,22/08/2019
19,1902861,Y,26/08/2019,22/08/2019
19,1902862,Y,31/08/2019,27/08/2019
19,1902875,Y,23/08/2019,22/08/2019
19,1902882,Y,27/08/2019,27/08/2019
19,1902886,Y,05/09/2019,27/08/2019
19,1902891,Y,20/09/2019,19/09/2019
19,1902906,Y,23/08/2019,22/08/2019
19,1902910,Y,24/08/2019,23/08/2019
19,1902915,Y,26/08/2019,23/08/2019
19,1902919,Y,05/09/2019,22/08/2019
19,1902920,Y,02/09/2019,02/09/2019
19,1902932,Y,09/09/2019,23/08/2019
19,1902933,Y,31/08/2019,30/08/2019
19,1902934,Y,07/09/2019,02/09/2019
19,1902939,Y,17/09/2019,27/08/2019
19,1902940,Y,29/08/2019,27/08/2019
19,1902946,Y,27/08/2019,27/08/2019
19,1902948,Y,16/09/2019,16/09/2019
19,1902951,Y,02/09/2019,02/09/2019
19,1902952,Y,26/08/2019,22/08/2019
19,1902955,Y,29/08/2019,23/08/2019
19,1902957,Y,29/08/2019,22/08/2019
19,1902958,Y,09/09/2019,27/08/2019
19,1902960,Y,27/08/2019,22/08/2019
19,1902963,Y,18/09/2019,18/09/2019
19,1902964,Y,08/09/2019,27/08/2019
19,1902970,Y,26/08/2019,22/08/2019
19,1902979,Y,25/08/2019,22/08/2019
19,1902981,Y,27/08/2019,22/08/2019
19,1902994,Y,08/09/2019,27/08/2019
19,1902997,Y,31/08/2019,27/08/2019
19,1903003,Y,08/09/2019,22/08/2019
19,1903013,Y,02/09/2019,22/08/2019
19,1903022,Y,27/08/2019,23/08/2019
19,1903023,Y,03/09/2019,23/08/2019
19,1903027,Y,04/09/2019,22/08/2019
19,1903029,Y,22/09/2019,22/08/2019
19,1903032,Y,27/08/2019,27/08/2019
19,1903035,Y,12/09/2019,22/08/2019
19,1903037,Y,14/09/2019,27/08/2019
19,1903040,Y,19/09/2019,17/09/2019
19,1903041,Y,09/09/2019,23/08/2019
19,1903047,Y,27/08/2019,27/08/2019
19,1903058,Y,29/08/2019,22/08/2019
19,1903060,Y,24/08/2019,22/08/2019
19,1903061,Y,24/08/2019,22/08/2019
19,1903062,Y,11/09/2019,23/08/2019
19,1903063,Y,05/09/2019,27/08/2019
19,1903069,Y,07/09/2019,02/09/2019
19,1903072,Y,11/09/2019,23/08/2019
19,1903077,Y,04/09/2019,28/08/2019
19,1903082,Y,06/09/2019,27/08/2019
19,1903103,Y,29/08/2019,27/08/2019
19,1903104,Y,29/08/2019,22/08/2019
19,1903106,Y,16/09/2019,16/09/2019
19,1903111,Y,02/09/2019,02/09/2019
19,1903125,Y,22/08/2019,22/08/2019
19,1903132,Y,25/08/2019,22/08/2019
19,1903139,Y,27/08/2019,27/08/2019
19,1903141,Y,12/09/2019,30/08/2019
19,1903144,Y,29/08/2019,28/08/2019
19,1903145,Y,28/08/2019,22/08/2019
19,1903149,Y,24/09/2019,27/08/2019
19,1903151,Y,18/09/2019,22/08/2019
19,1903160,Y,25/08/2019,22/08/2019
19,1903161,Y,05/09/2019,02/09/2019
19,1903162,Y,16/09/2019,16/09/2019
19,1903165,,,22/08/2019
19,1903166,Y,12/09/2019,22/08/2019
19,1903170,Y,26/08/2019,22/08/2019
19,1903176,Y,03/09/2019,30/08/2019
19,1903177,Y,10/09/2019,02/09/2019
19,1903184,Y,05/09/2019,02/09/2019
19,1903187,Y,17/09/2019,29/08/2019
19,1903188,Y,02/09/2019,27/08/2019
19,1903192,Y,09/09/2019,22/08/2019
19,1903195,Y,29/08/2019,27/08/2019
19,1903196,Y,23/08/2019,22/08/2019
19,1903199,Y,06/09/2019,27/08/2019
19,1903201,Y,25/08/2019,23/08/2019
19,1903204,Y,10/09/2019,22/08/2019
19,1903206,Y,27/08/2019,27/08/2019
19,1903207,Y,27/08/2019,27/08/2019
19,1903208,Y,24/08/2019,23/08/2019
19,1903210,Y,12/09/2019,27/08/2019
19,1903215,Y,29/08/2019,22/08/2019
19,1903216,Y,28/08/2019,23/08/2019
19,1903217,Y,17/09/2019,16/09/2019
19,1903224,,,22/08/2019
19,1903237,Y,30/08/2019,27/08/2019
19,1903238,Y,31/08/2019,22/08/2019
19,1903249,Y,18/09/2019,17/09/2019
19,1903250,Y,31/08/2019,30/08/2019
19,1903265,Y,28/08/2019,23/08/2019
19,1903275,Y,13/09/2019,29/08/2019
19,1903278,Y,23/08/2019,22/08/2019
19,1903282,Y,11/09/2019,02/09/2019
19,1903287,Y,07/09/2019,22/08/2019
19,1903291,Y,27/08/2019,27/08/2019
19,1903304,Y,09/09/2019,22/08/2019
19,1903305,Y,26/08/2019,23/08/2019
19,1903306,Y,09/09/2019,27/08/2019
19,1903309,Y,01/09/2019,27/08/2019
19,1903311,Y,24/08/2019,22/08/2019
19,1903315,Y,31/08/2019,22/08/2019
19,1903321,Y,24/08/2019,22/08/2019
19,1903322,Y,10/09/2019,02/09/2019
19,1903326,Y,01/09/2019,22/08/2019
19,1903330,Y,27/08/2019,27/08/2019
19,1903342,Y,09/09/2019,22/08/2019
19,1903348,Y,09/09/2019,22/08/2019
19,1903350,Y,10/09/2019,22/08/2019
19,1903356,Y,27/08/2019,27/08/2019
19,1903362,Y,30/08/2019,22/08/2019
19,1903365,,,23/08/2019
19,1903366,Y,23/08/2019,23/08/2019
19,1903370,Y,28/08/2019,27/08/2019
19,1903375,Y,23/08/2019,23/08/2019
19,1903380,Y,24/09/2019,02/09/2019
19,1903384,Y,02/09/2019,23/08/2019
19,1903387,Y,17/09/2019,16/09/2019
19,1903391,Y,22/08/2019,22/08/2019
19,1903394,Y,25/08/2019,22/08/2019
19,1903398,Y,02/09/2019,02/09/2019
19,1903403,Y,01/09/2019,27/08/2019
19,1903405,Y,03/09/2019,27/08/2019
19,1903409,Y,28/08/2019,23/08/2019
19,1903414,Y,25/08/2019,22/08/2019
19,1903415,Y,09/09/2019,27/08/2019
19,1903416,Y,23/08/2019,22/08/2019
19,1903430,Y,10/09/2019,22/08/2019
19,1903437,Y,07/09/2019,27/08/2019
19,1903439,Y,06/09/2019,02/09/2019
19,1903443,Y,30/08/2019,27/08/2019
19,1903444,Y,27/08/2019,23/08/2019
19,1903445,Y,28/08/2019,27/08/2019
19,1903446,Y,27/08/2019,27/08/2019
19,1903451,Y,26/08/2019,22/08/2019
19,1903452,Y,06/09/2019,22/08/2019
19,1903454,Y,02/09/2019,22/08/2019
19,1903457,Y,10/09/2019,22/08/2019
19,1903472,Y,23/08/2019,22/08/2019
19,1903473,Y,12/09/2019,22/08/2019
19,1903476,Y,18/09/2019,10/09/2019
19,1903478,Y,14/09/2019,27/08/2019
19,1903483,Y,19/09/2019,16/09/2019
19,1903488,Y,28/08/2019,27/08/2019
19,1903490,Y,22/08/2019,22/08/2019
19,1903491,Y,24/08/2019,22/08/2019
19,1903514,Y,23/08/2019,23/08/2019
19,1903515,Y,13/09/2019,22/08/2019
19,1903522,Y,30/08/2019,23/08/2019
19,1903528,Y,28/08/2019,23/08/2019
19,1903529,Y,22/08/2019,22/08/2019
19,1903537,Y,02/09/2019,02/09/2019
19,1903542,Y,31/08/2019,22/08/2019
19,1903548,Y,01/09/2019,22/08/2019
19,1903550,Y,25/08/2019,22/08/2019
19,1903553,Y,27/08/2019,23/08/2019
19,1903564,Y,23/08/2019,22/08/2019
19,1903565,Y,10/09/2019,22/08/2019
19,1903567,,,23/08/2019
19,1903579,Y,03/09/2019,23/08/2019
19,1903580,Y,09/09/2019,27/08/2019
19,1903585,Y,27/08/2019,22/08/2019
19,1903591,Y,23/08/2019,22/08/2019
19,1903592,Y,09/09/2019,22/08/2019
19,1903594,Y,03/09/2019,22/08/2019
19,1903596,Y,22/08/2019,22/08/2019
19,1903597,Y,29/08/2019,27/08/2019
19,1903607,Y,04/09/2019,23/08/2019
19,1903608,Y,03/09/2019,23/08/2019
19,1903609,Y,09/09/2019,23/08/2019
19,1903613,Y,26/08/2019,23/08/2019
19,1903616,Y,06/09/2019,02/09/2019
19,1903619,Y,09/09/2019,22/08/2019
19,1903623,Y,29/08/2019,27/08/2019
19,1903625,Y,18/09/2019,22/08/2019
19,1903632,Y,27/08/2019,22/08/2019
19,1903633,Y,27/08/2019,27/08/2019
19,1903637,Y,03/09/2019,02/09/2019
19,1903641,Y,31/08/2019,22/08/2019
19,1903642,Y,26/08/2019,23/08/2019
19,1903643,Y,07/09/2019,23/08/2019
19,1903652,Y,16/09/2019,22/08/2019
19,1903654,Y,29/08/2019,27/08/2019
19,1903655,Y,12/09/2019,22/08/2019
19,1903660,Y,31/08/2019,22/08/2019
19,1903663,Y,30/08/2019,27/08/2019
19,1903669,Y,02/09/2019,27/08/2019
19,1903676,Y,09/09/2019,22/08/2019
19,1903682,,,22/08/2019
19,1903697,Y,30/08/2019,22/08/2019
19,1903701,,,22/08/2019
19,1903702,Y,25/08/2019,23/08/2019
19,1903710,Y,30/08/2019,22/08/2019
19,1903712,Y,24/08/2019,22/08/2019
19,1903713,Y,06/09/2019,27/08/2019
19,1903718,Y,28/08/2019,22/08/2019
19,1903719,Y,02/09/2019,22/08/2019
19,1903725,Y,27/08/2019,27/08/2019
19,1903737,Y,03/09/2019,23/08/2019
19,1903739,Y,03/09/2019,02/09/2019
19,1903743,Y,27/08/2019,27/08/2019
19,1903744,Y,02/09/2019,27/08/2019
19,1903745,Y,01/09/2019,27/08/2019
19,1903746,Y,27/08/2019,22/08/2019
19,1903753,Y,25/08/2019,22/08/2019
19,1903758,Y,20/09/2019,22/08/2019
19,1903762,Y,07/09/2019,02/09/2019
19,1903766,Y,07/09/2019,06/09/2019
19,1903770,Y,05/09/2019,27/08/2019
19,1903771,Y,05/09/2019,02/09/2019
19,1903772,Y,02/09/2019,02/09/2019
19,1903780,Y,02/09/2019,02/09/2019
19,1903781,Y,27/08/2019,27/08/2019
19,1903785,Y,29/08/2019,27/08/2019
19,1903787,Y,06/09/2019,27/08/2019
19,1903791,Y,22/08/2019,22/08/2019
19,1903793,Y,30/08/2019,30/08/2019
19,1903799,Y,13/09/2019,27/08/2019
19,1903801,Y,02/09/2019,27/08/2019
19,1903819,Y,17/09/2019,16/09/2019
19,1903821,Y,11/09/2019,27/08/2019
19,1903825,Y,04/09/2019,02/09/2019
19,1903827,Y,30/08/2019,23/08/2019
19,1903829,Y,24/08/2019,22/08/2019
19,1903843,Y,30/08/2019,27/08/2019
19,1903844,Y,31/08/2019,27/08/2019
19,1903846,Y,23/08/2019,22/08/2019
19,1903848,Y,29/08/2019,22/08/2019
19,1903850,Y,19/09/2019,12/09/2019
19,1903853,Y,29/08/2019,22/08/2019
19,1903854,Y,20/09/2019,22/08/2019
19,1903856,Y,28/08/2019,27/08/2019
19,1903864,Y,31/08/2019,27/08/2019
19,1903870,Y,11/09/2019,23/08/2019
19,1903876,Y,12/09/2019,22/08/2019
19,1903878,Y,22/09/2019,02/09/2019
19,1903883,Y,31/08/2019,23/08/2019
19,1903884,Y,09/09/2019,27/08/2019
19,1903887,Y,23/08/2019,22/08/2019
19,1903895,Y,16/09/2019,23/08/2019
19,1903899,Y,03/09/2019,27/08/2019
19,1903900,Y,08/09/2019,02/09/2019
19,1903902,Y,22/08/2019,22/08/2019
19,1903908,Y,29/08/2019,23/08/2019
19,1903913,Y,23/08/2019,22/08/2019
19,1903915,Y,26/08/2019,23/08/2019
19,1903916,Y,27/08/2019,27/08/2019
19,1903917,Y,05/09/2019,22/08/2019
19,1903936,Y,26/08/2019,22/08/2019
19,1903943,Y,26/08/2019,22/08/2019
19,1903953,Y,05/09/2019,02/09/2019
19,1903957,Y,24/08/2019,22/08/2019
19,1903958,Y,27/08/2019,27/08/2019
19,1903960,Y,18/09/2019,16/09/2019
19,1903963,Y,24/08/2019,22/08/2019
19,1903973,Y,17/09/2019,23/08/2019
19,1903976,Y,11/09/2019,22/08/2019
19,1903977,Y,31/08/2019,22/08/2019
19,1903986,Y,16/09/2019,22/08/2019
19,1903988,Y,08/09/2019,27/08/2019
19,1903989,Y,27/08/2019,23/08/2019
19,1903992,Y,16/09/2019,23/08/2019
19,1903993,Y,26/08/2019,23/08/2019
19,1903994,Y,09/09/2019,09/09/2019
19,1903999,Y,22/08/2019,22/08/2019
19,1904007,Y,19/09/2019,16/09/2019
19,1904013,Y,29/08/2019,23/08/2019
19,1904016,Y,27/08/2019,22/08/2019
19,1904019,Y,22/08/2019,22/08/2019
19,1904026,Y,02/09/2019,22/08/2019
19,1904029,Y,08/09/2019,22/08/2019
19,1904032,Y,12/09/2019,22/08/2019
19,1904033,Y,09/09/2019,23/08/2019
19,1904037,,,22/08/2019
19,1904047,Y,20/09/2019,16/09/2019
19,1904059,Y,27/08/2019,23/08/2019
19,1904060,Y,22/08/2019,22/08/2019
19,1904062,Y,21/09/2019,19/09/2019
19,1904063,,,28/08/2019
19,1904065,,,28/08/2019
19,1904067,Y,10/09/2019,23/08/2019
19,1904071,Y,22/08/2019,22/08/2019
19,1904073,Y,10/09/2019,10/09/2019
19,1904084,,,22/08/2019
19,1904085,Y,27/08/2019,27/08/2019
19,1904086,Y,27/08/2019,27/08/2019
19,1904089,Y,20/09/2019,23/08/2019
19,1904092,Y,05/09/2019,22/08/2019
19,1904098,Y,28/08/2019,28/08/2019
19,1904102,Y,31/08/2019,30/08/2019
19,1904106,Y,13/09/2019,11/09/2019
19,1904107,Y,06/09/2019,02/09/2019
19,1904117,Y,27/08/2019,27/08/2019
19,1904118,Y,03/09/2019,22/08/2019
19,1904120,Y,23/08/2019,22/08/2019
19,1904121,Y,06/09/2019,27/08/2019
19,1904122,Y,22/08/2019,22/08/2019
19,1904124,Y,27/08/2019,27/08/2019
19,1904126,Y,20/09/2019,27/08/2019
19,1904138,Y,18/09/2019,22/08/2019
19,1904160,Y,09/09/2019,27/08/2019
19,1904165,Y,12/09/2019,09/09/2019
19,1904170,Y,20/09/2019,22/08/2019
19,1904171,Y,20/09/2019,23/08/2019
19,1904175,Y,06/09/2019,22/08/2019
19,1904178,Y,11/09/2019,23/08/2019
19,1904200,Y,30/08/2019,27/08/2019
19,1904202,Y,20/09/2019,23/08/2019
19,1904213,Y,15/09/2019,23/08/2019
19,1904215,Y,02/09/2019,27/08/2019
19,1904226,Y,02/09/2019,02/09/2019
19,1904229,Y,27/08/2019,27/08/2019
19,1904233,Y,21/09/2019,16/09/2019
19,1904239,Y,27/08/2019,22/08/2019
19,1904242,Y,27/08/2019,27/08/2019
19,1904243,Y,24/08/2019,22/08/2019
19,1904245,Y,10/09/2019,23/08/2019
19,1904252,,,22/08/2019
19,1904255,Y,26/08/2019,23/08/2019
19,1904258,Y,11/09/2019,22/08/2019
19,1904267,Y,27/08/2019,27/08/2019
19,1904268,,,27/08/2019
19,1904273,Y,12/09/2019,22/08/2019
19,1904276,Y,02/09/2019,22/08/2019
19,1904279,Y,16/09/2019,23/08/2019
19,1904280,Y,03/09/2019,02/09/2019
19,1904285,Y,27/08/2019,22/08/2019
19,1904293,Y,19/09/2019,22/08/2019
19,1904300,Y,30/08/2019,23/08/2019
19,1904304,Y,24/09/2019,23/09/2019
19,1904308,Y,03/09/2019,22/08/2019
19,1904315,Y,27/08/2019,27/08/2019
19,1904318,,,23/08/2019
19,1904323,,,19/09/2019
19,1904325,Y,01/09/2019,27/08/2019
19,1904326,Y,18/09/2019,23/08/2019
19,1904336,Y,04/09/2019,23/08/2019
19,1904339,Y,21/09/2019,28/08/2019
19,1904340,Y,16/09/2019,23/08/2019
19,1904345,Y,27/08/2019,23/08/2019
19,1904352,Y,17/09/2019,09/09/2019
19,1904353,Y,20/09/2019,22/08/2019
19,1904354,Y,23/08/2019,23/08/2019
19,1904357,,,28/08/2019
19,1904358,Y,27/08/2019,27/08/2019
19,1904368,Y,28/08/2019,23/08/2019
19,1904372,Y,02/09/2019,23/08/2019
19,1904375,Y,02/09/2019,23/08/2019
19,1904378,Y,26/08/2019,22/08/2019
19,1904383,Y,24/08/2019,22/08/2019
19,1904401,,,28/08/2019
19,1904402,Y,14/09/2019,02/09/2019
19,1904404,Y,26/08/2019,22/08/2019
19,1904407,Y,13/09/2019,23/08/2019
19,1904416,Y,08/09/2019,22/08/2019
19,1904418,Y,23/08/2019,22/08/2019
19,1904422,Y,10/09/2019,22/08/2019
19,1904423,Y,03/09/2019,27/08/2019
19,1904424,Y,27/08/2019,21/08/2019
19,1904439,Y,28/08/2019,22/08/2019
19,1904458,Y,25/08/2019,23/08/2019
19,1904460,Y,06/09/2019,22/08/2019
19,1904463,Y,30/08/2019,23/08/2019
19,1904464,Y,31/08/2019,27/08/2019
19,1904465,Y,01/09/2019,27/08/2019
19,1904469,,,22/08/2019
19,1904473,Y,27/08/2019,23/08/2019
19,1904478,Y,05/09/2019,02/09/2019
19,1904480,Y,10/09/2019,22/08/2019
19,1904485,Y,25/08/2019,22/08/2019
19,1904494,Y,29/08/2019,23/08/2019
19,1904508,Y,08/09/2019,30/08/2019
19,1904510,Y,31/08/2019,22/08/2019
19,1904511,Y,16/09/2019,16/09/2019
19,1904517,Y,27/08/2019,22/08/2019
19,1904523,Y,09/09/2019,29/08/2019
19,1904525,Y,02/09/2019,23/08/2019
19,1904533,Y,27/08/2019,27/08/2019
19,1904534,Y,30/08/2019,22/08/2019
19,1904539,Y,04/09/2019,28/08/2019
19,1904540,Y,31/08/2019,28/08/2019
19,1904550,Y,02/09/2019,27/08/2019
19,1904552,Y,22/08/2019,22/08/2019
19,1904563,Y,17/09/2019,27/08/2019
19,1904571,Y,23/08/2019,22/08/2019
19,1904576,Y,26/08/2019,22/08/2019
19,1904584,Y,20/09/2019,22/08/2019
19,1904592,,,23/08/2019
19,1904597,Y,22/08/2019,22/08/2019
19,1904621,Y,24/08/2019,23/08/2019
19,1904624,Y,05/09/2019,27/08/2019
19,1904625,Y,29/08/2019,23/08/2019
19,1904634,Y,27/08/2019,22/08/2019
19,1904635,Y,02/09/2019,02/09/2019
19,1904640,Y,12/09/2019,27/08/2019
19,1904641,Y,09/09/2019,23/08/2019
19,1904643,Y,02/09/2019,23/08/2019
19,1904646,Y,09/09/2019,22/08/2019
19,1904649,Y,20/09/2019,27/08/2019
19,1904655,,,27/08/2019
19,1904660,Y,28/08/2019,22/08/2019
19,1904663,Y,05/09/2019,22/08/2019
19,1904666,Y,10/09/2019,23/08/2019
19,1904672,Y,27/08/2019,23/08/2019
19,1904679,Y,02/09/2019,30/08/2019
19,1904689,,,22/08/2019
19,1904695,,,22/08/2019
19,1904699,Y,06/09/2019,23/08/2019
19,1904705,Y,21/09/2019,22/08/2019
19,1904710,Y,28/08/2019,27/08/2019
19,1904711,Y,28/08/2019,27/08/2019
19,1904719,Y,08/09/2019,23/08/2019
19,1904720,Y,09/09/2019,23/08/2019
19,1904737,Y,25/08/2019,23/08/2019
19,1904746,Y,04/09/2019,23/08/2019
19,1904748,Y,01/09/2019,23/08/2019
19,1904755,,,02/09/2019
19,1904756,Y,27/08/2019,27/08/2019
19,1904758,Y,24/08/2019,22/08/2019
19,1904764,Y,05/09/2019,22/08/2019
19,1904768,Y,29/08/2019,27/08/2019
19,1904772,Y,04/09/2019,22/08/2019
19,1904776,Y,16/09/2019,16/09/2019
19,1904778,Y,27/08/2019,22/08/2019
19,1904779,Y,07/09/2019,23/08/2019
19,1904782,Y,04/09/2019,22/08/2019
19,1904786,Y,15/09/2019,22/08/2019
19,1904787,,,27/08/2019
19,1904789,Y,27/08/2019,27/08/2019
19,1904795,,,22/08/2019
19,1904796,Y,04/09/2019,02/09/2019
19,1904797,Y,25/08/2019,23/08/2019
19,1904806,,,09/09/2019
19,1904816,Y,29/08/2019,23/08/2019
19,1904818,Y,27/08/2019,27/08/2019
19,1904821,Y,15/09/2019,23/08/2019
19,1904823,Y,25/08/2019,22/08/2019
19,1904833,Y,09/09/2019,22/08/2019
19,1904838,Y,29/08/2019,27/08/2019
19,1904841,Y,17/09/2019,16/09/2019
19,1904844,Y,07/09/2019,23/08/2019
19,1904847,Y,06/09/2019,22/08/2019
19,1904848,,,28/08/2019
19,1904853,Y,16/09/2019,28/08/2019
19,1904857,Y,07/09/2019,28/08/2019
19,1904863,Y,16/09/2019,16/09/2019
19,1904865,Y,03/09/2019,22/08/2019
19,1904873,Y,22/08/2019,22/08/2019
19,1904875,Y,31/08/2019,22/08/2019
19,1904880,Y,19/09/2019,16/09/2019
19,1904882,Y,20/09/2019,16/09/2019
19,1904890,Y,24/08/2019,23/08/2019
19,1904898,Y,16/09/2019,16/09/2019
19,1904902,Y,28/08/2019,27/08/2019
19,1904903,Y,16/09/2019,22/08/2019
19,1904910,Y,01/09/2019,22/08/2019
19,1904911,Y,25/08/2019,23/08/2019
19,1904917,Y,16/09/2019,23/08/2019
19,1904927,Y,17/09/2019,02/09/2019
19,1904933,Y,20/09/2019,22/08/2019
19,1904934,Y,16/09/2019,16/09/2019
19,1904948,Y,04/09/2019,02/09/2019
19,1904952,Y,03/09/2019,29/08/2019
19,1904955,,,23/08/2019
19,1904959,Y,20/09/2019,27/08/2019
19,1904964,Y,17/09/2019,12/09/2019
19,1904969,Y,29/08/2019,23/08/2019
19,1904970,Y,09/09/2019,09/09/2019
19,1904971,Y,11/09/2019,10/09/2019
19,1904974,Y,15/09/2019,29/08/2019
19,1904975,Y,29/08/2019,23/08/2019
19,1904977,Y,24/08/2019,22/08/2019
19,1904979,,,02/09/2019
19,1904980,Y,25/08/2019,22/08/2019
19,1904982,Y,28/08/2019,27/08/2019
19,1904985,Y,28/08/2019,28/08/2019
19,1904986,Y,28/08/2019,27/08/2019
19,1904995,Y,24/08/2019,22/08/2019
19,1904996,,,16/09/2019
19,1904997,Y,09/09/2019,09/09/2019
19,1904998,Y,09/09/2019,06/09/2019
19,1904999,Y,13/09/2019,23/08/2019
19,1905006,Y,27/08/2019,27/08/2019
19,1905008,Y,09/09/2019,09/09/2019
19,1905011,Y,10/09/2019,10/09/2019
19,1905014,Y,13/09/2019,27/08/2019
19,1905016,Y,05/09/2019,22/08/2019
19,1905017,Y,22/08/2019,22/08/2019
19,1905018,Y,04/09/2019,02/09/2019
19,1905021,Y,03/09/2019,02/09/2019
19,1905023,Y,23/08/2019,23/08/2019
19,1905040,Y,03/09/2019,28/08/2019
19,1905046,Y,19/09/2019,16/09/2019
19,1905048,Y,27/08/2019,21/08/2019
19,1905050,Y,03/09/2019,27/08/2019
19,1905052,Y,04/09/2019,22/08/2019
19,1905053,Y,15/09/2019,27/08/2019
19,1905057,Y,15/09/2019,29/08/2019
19,1905061,Y,06/09/2019,22/08/2019
19,1905062,Y,28/08/2019,27/08/2019
19,1905066,Y,06/09/2019,05/09/2019
19,1905068,Y,27/08/2019,27/08/2019
19,1905071,Y,08/09/2019,22/08/2019
19,1905074,,,28/08/2019
19,1905075,Y,13/09/2019,12/09/2019
19,1905079,Y,09/09/2019,04/09/2019
19,1905092,Y,20/09/2019,22/08/2019
19,1905093,Y,28/08/2019,27/08/2019
19,1905096,Y,14/09/2019,30/08/2019
19,1905097,Y,22/08/2019,19/08/2019
19,1905099,Y,09/09/2019,29/08/2019
19,1905104,Y,09/09/2019,22/08/2019
19,1905107,Y,05/09/2019,04/09/2019
19,1905108,Y,21/09/2019,28/08/2019
19,1905112,Y,05/09/2019,03/09/2019
19,1905113,Y,10/09/2019,04/09/2019
19,1905114,Y,05/09/2019,03/09/2019
19,1905115,Y,09/09/2019,04/09/2019
19,1905116,,,22/08/2019
19,1905117,Y,25/08/2019,22/08/2019
19,1905121,Y,30/08/2019,30/08/2019
19,1905124,Y,02/09/2019,02/09/2019
19,1905125,Y,23/08/2019,22/08/2019
19,1905127,Y,30/08/2019,29/08/2019
19,1905139,Y,05/09/2019,22/08/2019
19,1905142,Y,08/09/2019,05/09/2019
19,1905143,Y,20/09/2019,04/09/2019
19,1905145,Y,27/09/2019,30/08/2019
19,1905153,Y,19/09/2019,17/09/2019
19,1905157,Y,23/08/2019,22/08/2019
19,1905160,Y,25/08/2019,21/08/2019
19,1905162,Y,09/09/2019,29/08/2019
19,1905167,Y,28/08/2019,23/08/2019
19,1905168,Y,19/09/2019,17/09/2019
19,1905168,Y,19/09/2019,17/09/2019
19,1905170,Y,22/08/2019,22/08/2019
19,1905171,,,09/09/2019
19,1905171,,,09/09/2019
19,1905176,Y,23/08/2019,22/08/2019
19,1905178,Y,03/09/2019,02/09/2019
19,1905180,Y,18/09/2019,17/09/2019
19,1905187,Y,25/09/2019,24/09/2019
19,1905189,,,19/08/2019
19,1905191,Y,25/09/2019,24/09/2019
19,1905193,Y,01/09/2019,27/08/2019
19,1905194,Y,05/09/2019,03/09/2019
19,1905195,Y,04/09/2019,29/08/2019
19,1905196,Y,13/09/2019,27/08/2019
19,1905198,Y,23/08/2019,22/08/2019
19,1905201,Y,22/08/2019,22/08/2019
19,1905202,Y,22/08/2019,21/08/2019
19,1905205,Y,05/09/2019,02/09/2019
19,1905210,Y,17/09/2019,22/08/2019
19,1905212,Y,03/09/2019,02/09/2019
19,1905213,Y,28/08/2019,22/08/2019
19,1905214,Y,08/09/2019,23/08/2019
19,1905220,Y,09/09/2019,28/08/2019
19,1905231,Y,05/09/2019,29/08/2019
19,1905233,Y,01/09/2019,27/08/2019
19,1905238,Y,19/08/2019,19/08/2019
19,1905242,,,03/09/2019
19,1905245,Y,05/09/2019,05/09/2019
19,1905250,Y,09/09/2019,28/08/2019
19,1905257,Y,05/09/2019,23/08/2019
19,1905262,Y,20/09/2019,16/09/2019
19,1905269,Y,09/09/2019,29/08/2019
19,1905270,Y,04/09/2019,02/09/2019
19,1905276,Y,08/09/2019,06/09/2019
19,1905280,,,28/08/2019
19,1905284,Y,27/08/2019,21/08/2019
19,1905289,Y,03/09/2019,30/08/2019
19,1905290,Y,11/09/2019,29/08/2019
19,1905293,Y,24/08/2019,22/08/2019
19,1905296,Y,23/08/2019,22/08/2019
19,1905297,Y,13/09/2019,10/09/2019
19,1905298,Y,13/09/2019,10/09/2019
19,1905306,Y,11/09/2019,22/08/2019
19,1905310,Y,28/08/2019,22/08/2019
19,1905313,Y,12/09/2019,03/09/2019
19,1905314,Y,26/08/2019,22/08/2019
19,1905320,Y,23/09/2019,17/09/2019
19,1905324,Y,16/09/2019,10/09/2019
19,1905325,,,19/09/2019
19,1905328,Y,27/08/2019,27/08/2019
19,1905330,Y,27/08/2019,27/08/2019
19,1905332,Y,25/08/2019,22/08/2019
19,1905333,Y,24/08/2019,23/08/2019
19,1905337,Y,20/09/2019,17/09/2019
19,1905338,Y,25/09/2019,24/09/2019
19,1905339,,,24/09/2019
19,1905340,Y,25/09/2019,24/09/2019
19,1905345,Y,16/09/2019,10/09/2019
19,1905351,,,17/09/2019
19,1905351,,,17/09/2019
19,1905352,Y,05/09/2019,05/09/2019
19,1905353,,,16/09/2019
19,1905357,Y,23/08/2019,22/08/2019
19,1905362,Y,15/09/2019,12/09/2019
19,1905363,Y,23/09/2019,17/09/2019
19,1905368,Y,17/09/2019,17/09/2019
19,1905369,Y,02/09/2019,22/08/2019
19,1905376,Y,19/09/2019,27/08/2019
19,1905381,Y,08/09/2019,29/08/2019
19,1905383,Y,30/08/2019,23/08/2019
19,1905384,Y,29/08/2019,27/08/2019
19,1905385,Y,04/09/2019,02/09/2019
19,1905388,Y,02/09/2019,22/08/2019
19,1905391,Y,12/09/2019,10/09/2019
19,1905392,Y,16/09/2019,10/09/2019
19,1905394,Y,02/09/2019,23/08/2019
19,1905395,Y,15/09/2019,10/09/2019
19,1905397,,,10/09/2019
19,1905403,Y,09/09/2019,28/08/2019
19,1905404,Y,30/08/2019,21/08/2019
19,1905405,Y,26/09/2019,19/09/2019
19,1905406,Y,15/09/2019,10/09/2019
19,1905411,Y,28/08/2019,27/08/2019
19,1905414,Y,02/09/2019,22/08/2019
19,1905416,Y,27/08/2019,22/08/2019
19,1905418,Y,19/09/2019,03/09/2019
19,1905419,Y,22/08/2019,19/08/2019
19,1905421,,,25/09/2019
19,1905422,,,25/09/2019
19,1905425,Y,03/09/2019,22/08/2019
19,1905427,Y,08/09/2019,02/09/2019
19,1905429,Y,27/08/2019,27/08/2019
19,1905431,Y,01/09/2019,21/08/2019
19,1905433,Y,22/08/2019,22/08/2019
19,1905438,Y,12/09/2019,29/08/2019
19,1905445,Y,05/09/2019,02/09/2019
19,1905447,,,22/08/2019
19,1905451,Y,29/08/2019,27/08/2019
19,1905452,Y,10/09/2019,22/08/2019
19,1905455,Y,28/08/2019,23/08/2019
19,1905460,Y,23/09/2019,17/09/2019
19,1905462,Y,27/08/2019,22/08/2019
19,1905465,Y,20/09/2019,17/09/2019
19,1905466,Y,19/09/2019,16/09/2019
19,1905468,Y,02/09/2019,28/08/2019
19,1905471,Y,31/08/2019,29/08/2019
19,1905472,Y,31/08/2019,29/08/2019
19,1905474,Y,30/08/2019,29/08/2019
19,1905475,Y,31/08/2019,29/08/2019
19,1905476,Y,06/09/2019,29/08/2019
19,1905477,Y,31/08/2019,29/08/2019
19,1905478,Y,05/09/2019,05/09/2019
19,1905481,Y,10/09/2019,22/08/2019
19,1905487,Y,25/09/2019,17/09/2019
19,1905488,,,25/09/2019
19,1905489,,,25/09/2019
19,1905491,,,25/09/2019
19,1905494,,,17/09/2019
19,1905497,,,25/09/2019
19,1905498,,,25/09/2019
19,1905507,Y,28/08/2019,22/08/2019
19,1905509,Y,22/08/2019,22/08/2019
19,1905511,Y,26/08/2019,22/08/2019
19,1905520,Y,29/08/2019,29/08/2019
19,1905527,Y,26/08/2019,22/08/2019
19,1905529,Y,24/08/2019,23/08/2019
19,1905530,Y,01/09/2019,22/08/2019
19,1905534,Y,20/09/2019,17/09/2019
19,1905536,Y,19/09/2019,16/09/2019
19,1905539,Y,22/08/2019,22/08/2019
19,1905542,Y,26/08/2019,22/08/2019
19,1905543,Y,04/09/2019,23/08/2019
19,1905546,Y,30/08/2019,22/08/2019
19,1905547,Y,27/08/2019,21/08/2019
19,1905549,,,25/09/2019
19,1905551,,,25/09/2019
19,1905553,,,25/09/2019
19,1905554,Y,12/09/2019,10/09/2019
19,1905555,Y,19/09/2019,10/09/2019
19,1905556,Y,19/09/2019,10/09/2019
19,1905557,Y,16/09/2019,16/09/2019
19,1905560,Y,09/09/2019,22/08/2019
19,1905562,Y,06/09/2019,29/08/2019
19,1905563,Y,06/09/2019,29/08/2019
19,1905564,Y,02/09/2019,29/08/2019
19,1905565,Y,31/08/2019,29/08/2019
19,1905566,Y,30/08/2019,29/08/2019
19,1905567,Y,05/09/2019,29/08/2019
19,1905568,,,29/08/2019
19,1905569,Y,06/09/2019,29/08/2019
19,1905570,Y,06/09/2019,29/08/2019
19,1905571,Y,06/09/2019,29/08/2019
19,1905573,,,29/08/2019
19,1905574,Y,04/09/2019,29/08/2019
19,1905575,Y,04/09/2019,29/08/2019
19,1905576,Y,09/09/2019,29/08/2019
19,1905577,Y,25/09/2019,30/08/2019
19,1905578,Y,05/09/2019,29/08/2019
19,1905584,,,28/08/2019
19,1905585,Y,04/09/2019,02/09/2019
19,1905590,Y,01/09/2019,29/08/2019
19,1905591,Y,09/09/2019,06/09/2019
19,1905598,Y,19/09/2019,17/09/2019
19,1905599,Y,27/08/2019,22/08/2019
19,1905600,Y,12/09/2019,10/09/2019
19,1905601,,,23/08/2019
19,1905604,Y,30/08/2019,30/08/2019
19,1905608,Y,30/08/2019,22/08/2019
19,1905609,Y,20/09/2019,17/09/2019
19,1905610,Y,05/09/2019,03/09/2019
19,1905613,Y,22/08/2019,22/08/2019
19,1905619,Y,25/08/2019,22/08/2019
19,1905621,,,28/08/2019
19,1905622,Y,06/09/2019,03/09/2019
19,1905625,Y,08/09/2019,29/08/2019
19,1905627,,,16/09/2019
19,1905629,Y,19/09/2019,12/09/2019
19,1905630,Y,19/09/2019,12/09/2019
19,1905634,Y,22/08/2019,22/08/2019
19,1905637,Y,16/09/2019,12/09/2019
19,1905638,,,12/09/2019
19,1905639,Y,19/09/2019,12/09/2019
19,1905640,Y,18/09/2019,12/09/2019
19,1905641,Y,16/09/2019,12/09/2019
19,1905642,Y,21/09/2019,12/09/2019
19,1905643,Y,25/09/2019,12/09/2019
19,1905646,,,25/09/2019
19,1905647,Y,20/09/2019,17/09/2019
19,1905649,Y,16/09/2019,28/08/2019
19,1905652,Y,19/09/2019,30/08/2019
19,1905655,Y,13/09/2019,06/09/2019
19,1905657,Y,09/09/2019,23/08/2019
19,1905658,Y,08/09/2019,02/09/2019
19,1905661,Y,16/09/2019,16/09/2019
19,1905668,Y,22/08/2019,19/08/2019
19,1905670,Y,23/08/2019,22/08/2019
19,1905673,Y,04/09/2019,02/09/2019
19,1905674,Y,23/09/2019,19/09/2019
19,1905675,,,29/08/2019
19,1905677,,,25/09/2019
19,1905678,Y,27/08/2019,27/08/2019
19,1905680,Y,18/09/2019,17/09/2019
19,1905682,Y,24/08/2019,23/08/2019
19,1905686,Y,01/09/2019,22/08/2019
19,1905688,Y,23/09/2019,03/09/2019
19,1905689,Y,05/09/2019,03/09/2019
19,1905690,Y,23/08/2019,22/08/2019
19,1905692,Y,02/09/2019,02/09/2019
19,1905694,Y,02/09/2019,30/08/2019
19,1905695,Y,09/09/2019,23/08/2019
19,1905698,,,18/09/2019
19,1905700,Y,02/09/2019,22/08/2019
19,1905701,Y,27/08/2019,22/08/2019
19,1905702,Y,11/09/2019,22/08/2019
19,1905705,,,25/09/2019
19,1905709,,,25/09/2019
19,1905713,Y,24/08/2019,22/08/2019
19,1905714,Y,06/09/2019,28/08/2019
19,1905716,Y,08/09/2019,22/08/2019
19,1905717,Y,16/09/2019,02/09/2019
19,1905722,Y,06/09/2019,03/09/2019
19,1905723,Y,19/09/2019,29/08/2019
19,1905728,Y,22/08/2019,19/08/2019
19,1905729,Y,03/09/2019,29/08/2019
19,1905733,Y,29/08/2019,22/08/2019
19,1905736,Y,14/09/2019,03/09/2019
19,1905737,Y,04/09/2019,29/08/2019
19,1905738,Y,29/08/2019,29/08/2019
19,1905739,Y,09/09/2019,29/08/2019
19,1905740,Y,30/08/2019,29/08/2019
19,1905741,Y,02/09/2019,29/08/2019
19,1905742,Y,08/09/2019,29/08/2019
19,1905743,,,16/09/2019
19,1905744,Y,19/09/2019,16/09/2019
19,1905746,Y,22/08/2019,19/08/2019
19,1905748,,,25/09/2019
19,1905750,,,25/09/2019
19,1905756,Y,01/09/2019,30/08/2019
19,1905757,Y,27/08/2019,22/08/2019
19,1905758,,,30/08/2019
19,1905759,Y,20/09/2019,30/08/2019
19,1905764,Y,01/09/2019,22/08/2019
19,1905770,Y,23/09/2019,16/09/2019
19,1905771,Y,19/09/2019,12/09/2019
19,1905779,,,11/09/2019
19,1905780,,,11/09/2019
19,1905782,Y,22/08/2019,22/08/2019
19,1905785,Y,09/09/2019,09/09/2019
19,1905786,Y,19/09/2019,18/09/2019
19,1905790,Y,24/09/2019,17/09/2019
19,1905794,Y,18/09/2019,12/09/2019
19,1905795,Y,22/09/2019,12/09/2019
19,1905797,Y,22/08/2019,22/08/2019
19,1905798,Y,12/09/2019,02/09/2019
19,1905800,Y,18/09/2019,12/09/2019
19,1905802,Y,18/09/2019,17/09/2019
19,1905803,Y,19/09/2019,03/09/2019
19,1905804,Y,26/09/2019,03/09/2019
19,1905806,Y,09/09/2019,22/08/2019
19,1905809,Y,31/08/2019,29/08/2019
19,1905812,,,17/09/2019
19,1905813,Y,18/09/2019,12/09/2019
19,1905814,Y,03/09/2019,02/09/2019
19,1905817,Y,10/09/2019,23/08/2019
19,1905821,Y,22/08/2019,22/08/2019
19,1905823,Y,26/08/2019,22/08/2019
19,1905824,Y,10/09/2019,27/08/2019
19,1905825,Y,08/09/2019,22/08/2019
19,1905826,Y,28/08/2019,22/08/2019
19,1905828,Y,08/09/2019,29/08/2019
19,1905830,,,25/09/2019
19,1905835,Y,11/09/2019,29/08/2019
19,1905837,,,16/09/2019
19,1905838,Y,10/09/2019,30/08/2019
19,1905841,Y,23/08/2019,23/08/2019
19,1905842,Y,09/09/2019,22/08/2019
19,1905843,,,28/08/2019
19,1905845,,,09/09/2019
19,1905846,Y,31/08/2019,28/08/2019
19,1905847,Y,06/09/2019,23/08/2019
19,1905848,Y,07/09/2019,06/09/2019
19,1905856,Y,02/09/2019,29/08/2019
19,1905857,Y,27/08/2019,27/08/2019
19,1905858,Y,11/09/2019,28/08/2019
19,1905859,Y,29/08/2019,22/08/2019
19,1905862,Y,23/08/2019,22/08/2019
19,1905865,Y,03/09/2019,22/08/2019
19,1905871,Y,08/09/2019,06/09/2019
19,1905891,,,16/09/2019
19,1905892,,,16/09/2019
19,1905893,Y,20/09/2019,16/09/2019
19,1905894,Y,20/09/2019,16/09/2019
19,1905895,Y,23/08/2019,22/08/2019
19,1905897,Y,04/09/2019,02/09/2019
19,1905899,Y,22/09/2019,17/09/2019
19,1905902,Y,20/09/2019,22/08/2019
19,1905903,Y,13/09/2019,12/09/2019
19,1905904,Y,24/09/2019,12/09/2019
19,1905905,Y,23/08/2019,23/08/2019
19,1905907,Y,09/09/2019,09/09/2019
19,1905911,Y,27/09/2019,09/09/2019
19,1905913,Y,11/09/2019,29/08/2019
19,1905918,Y,02/09/2019,02/09/2019
19,1905926,Y,24/08/2019,22/08/2019
19,1905927,Y,08/09/2019,03/09/2019
19,1905928,Y,06/09/2019,02/09/2019
19,1905929,Y,09/09/2019,30/08/2019
19,1905937,Y,17/09/2019,16/09/2019
19,1905939,Y,21/09/2019,16/09/2019
19,1905940,Y,17/09/2019,16/09/2019
19,1905941,Y,17/09/2019,16/09/2019
19,1905951,Y,06/09/2019,27/08/2019
19,1905954,Y,02/09/2019,28/08/2019
19,1905958,Y,13/09/2019,03/09/2019
19,1905960,Y,05/09/2019,02/09/2019
19,1905966,Y,03/09/2019,29/08/2019
19,1905967,Y,20/09/2019,30/08/2019
19,1905968,Y,24/08/2019,23/08/2019
19,1905969,Y,29/08/2019,28/08/2019
19,1905972,Y,18/09/2019,16/09/2019
19,1905974,Y,27/09/2019,26/09/2019
19,1905978,Y,31/08/2019,23/08/2019
19,1905986,Y,31/08/2019,30/08/2019
19,1905987,Y,16/09/2019,28/08/2019
19,1905988,,,28/08/2019
19,1905989,Y,04/09/2019,28/08/2019
19,1905990,Y,03/09/2019,28/08/2019
19,1905992,Y,07/09/2019,02/09/2019
19,1905993,Y,31/08/2019,22/08/2019
19,1905995,Y,02/09/2019,21/08/2019
19,1905996,Y,18/09/2019,12/09/2019
19,1905997,,,09/09/2019
19,1906023,Y,09/09/2019,29/08/2019
19,1906025,Y,16/09/2019,16/09/2019
19,1906026,Y,16/09/2019,16/09/2019
19,1906027,Y,05/09/2019,03/09/2019
19,1906028,,,30/08/2019
19,1906029,Y,05/09/2019,30/08/2019
19,1906030,,,30/08/2019
19,1906031,,,30/08/2019
19,1906032,Y,05/09/2019,30/08/2019
19,1906033,Y,06/09/2019,30/08/2019
19,1906034,,,30/08/2019
19,1906035,Y,22/09/2019,30/08/2019
19,1906038,Y,31/08/2019,30/08/2019
19,1906039,,,30/08/2019
19,1906040,Y,14/09/2019,30/08/2019
19,1906041,,,30/08/2019
19,1906044,,,30/08/2019
19,1906045,Y,09/09/2019,29/08/2019
19,1906047,Y,19/09/2019,18/09/2019
19,1906048,Y,03/09/2019,30/08/2019
19,1906050,Y,26/08/2019,22/08/2019
19,1906052,Y,19/09/2019,17/09/2019
19,1906053,,,25/09/2019
19,1906054,Y,18/09/2019,13/09/2019
19,1906056,Y,11/09/2019,29/08/2019
19,1906057,Y,12/09/2019,06/09/2019
19,1906058,,,30/08/2019
19,1906059,,,30/08/2019
19,1906060,Y,08/09/2019,30/08/2019
19,1906061,,,30/08/2019
19,1906062,,,30/08/2019
19,1906063,,,30/08/2019
19,1906064,,,30/08/2019
19,1906065,,,30/08/2019
19,1906066,Y,19/09/2019,30/08/2019
19,1906067,Y,08/09/2019,30/08/2019
19,1906068,,,30/08/2019
19,1906069,,,30/08/2019
19,1906070,Y,21/09/2019,12/09/2019
19,1906071,,,30/08/2019
19,1906072,,,30/08/2019
19,1906073,Y,10/09/2019,30/08/2019
19,1906075,Y,09/09/2019,30/08/2019
19,1906076,Y,05/09/2019,30/08/2019
19,1906078,Y,08/09/2019,30/08/2019
19,1906079,,,30/08/2019
19,1906080,Y,08/09/2019,30/08/2019
19,1906081,,,30/08/2019
19,1906083,,,30/08/2019
19,1906084,,,30/08/2019
19,1906086,Y,04/09/2019,30/08/2019
19,1906088,,,30/08/2019
19,1906089,,,30/08/2019
19,1906090,,,06/09/2019
19,1906091,,,30/08/2019
19,1906092,Y,08/09/2019,30/08/2019
19,1906093,,,30/08/2019
19,1906094,Y,04/09/2019,30/08/2019
19,1906095,,,30/08/2019
19,1906096,,,30/08/2019
19,1906097,Y,09/09/2019,30/08/2019
19,1906098,,,30/08/2019
19,1906099,,,30/08/2019
19,1906101,Y,01/09/2019,30/08/2019
19,1906102,,,30/08/2019
19,1906103,,,30/08/2019
19,1906104,,,30/08/2019
19,1906105,,,30/08/2019
19,1906106,,,30/08/2019
19,1906109,,,30/08/2019
19,1906111,,,30/08/2019
19,1906112,,,30/08/2019
19,1906113,,,30/08/2019
19,1906114,Y,20/09/2019,30/08/2019
19,1906115,Y,14/09/2019,30/08/2019
19,1906116,,,30/08/2019
19,1906117,,,30/08/2019
19,1906118,Y,06/09/2019,29/08/2019
19,1906122,Y,20/09/2019,04/09/2019
19,1906123,,,03/09/2019
19,1906124,Y,05/09/2019,03/09/2019
19,1906131,Y,06/09/2019,30/08/2019
19,1906133,Y,06/09/2019,02/09/2019
19,1906134,Y,22/08/2019,22/08/2019
19,1906135,Y,22/08/2019,22/08/2019
19,1906136,Y,10/09/2019,28/08/2019
19,1906137,Y,04/09/2019,28/08/2019
19,1906138,Y,09/09/2019,28/08/2019
19,1906140,,,28/08/2019
19,1906141,Y,17/09/2019,28/08/2019
19,1906142,Y,10/09/2019,28/08/2019
19,1906143,Y,02/09/2019,22/08/2019
19,1906144,Y,06/09/2019,29/08/2019
19,1906147,,,28/08/2019
19,1906148,Y,09/09/2019,28/08/2019
19,1906149,Y,11/09/2019,28/08/2019
19,1906151,Y,25/08/2019,22/08/2019
19,1906152,Y,30/08/2019,22/08/2019
19,1906153,Y,10/09/2019,02/09/2019
19,1906155,Y,04/09/2019,28/08/2019
19,1906156,,,28/08/2019
19,1906157,,,28/08/2019
19,1906158,,,17/09/2019
19,1906159,,,28/08/2019
19,1906160,Y,10/09/2019,28/08/2019
19,1906161,,,28/08/2019
19,1906162,Y,24/09/2019,23/09/2019
19,1906164,Y,11/09/2019,28/08/2019
19,1906168,Y,06/09/2019,29/08/2019
19,1906169,Y,06/09/2019,29/08/2019
19,1906171,Y,04/09/2019,28/08/2019
19,1906172,Y,30/08/2019,28/08/2019
19,1906174,Y,20/09/2019,19/09/2019
19,1906175,Y,24/09/2019,18/09/2019
19,1906176,,,03/09/2019
19,1906179,Y,25/09/2019,12/09/2019
19,1906180,Y,28/08/2019,27/08/2019
19,1906186,Y,28/08/2019,22/08/2019
19,1906189,Y,28/08/2019,27/08/2019
19,1906190,Y,20/08/2019,20/08/2019
19,1906190,Y,20/08/2019,20/08/2019
19,1906191,Y,04/09/2019,20/08/2019
19,1906191,Y,04/09/2019,20/08/2019
19,1906192,Y,02/09/2019,20/08/2019
19,1906192,Y,02/09/2019,20/08/2019
19,1906193,Y,26/08/2019,20/08/2019
19,1906193,Y,26/08/2019,20/08/2019
19,1906194,Y,04/09/2019,20/08/2019
19,1906194,Y,04/09/2019,20/08/2019
19,1906195,Y,26/08/2019,20/08/2019
19,1906195,Y,26/08/2019,20/08/2019
19,1906196,Y,27/08/2019,20/08/2019
19,1906196,Y,27/08/2019,20/08/2019
19,1906197,Y,04/09/2019,03/09/2019
19,1906197,Y,04/09/2019,03/09/2019
19,1906198,Y,20/08/2019,20/08/2019
19,1906198,Y,20/08/2019,20/08/2019
19,1906199,Y,03/09/2019,20/08/2019
19,1906199,Y,03/09/2019,20/08/2019
19,1906200,Y,17/09/2019,11/09/2019
19,1906201,Y,28/08/2019,20/08/2019
19,1906201,Y,28/08/2019,20/08/2019
19,1906202,Y,28/08/2019,22/08/2019
19,1906203,Y,23/08/2019,22/08/2019
19,1906204,Y,11/09/2019,29/08/2019
19,1906205,Y,24/09/2019,22/08/2019
19,1906206,Y,26/08/2019,22/08/2019
19,1906207,Y,23/08/2019,20/08/2019
19,1906207,Y,23/08/2019,20/08/2019
19,1906208,Y,20/08/2019,20/08/2019
19,1906208,Y,20/08/2019,20/08/2019
19,1906209,Y,20/08/2019,20/08/2019
19,1906209,Y,20/08/2019,20/08/2019
19,1906210,Y,25/08/2019,20/08/2019
19,1906210,Y,25/08/2019,20/08/2019
19,1906211,Y,27/08/2019,20/08/2019
19,1906211,Y,27/08/2019,20/08/2019
19,1906212,Y,05/09/2019,02/09/2019
19,1906214,Y,19/09/2019,17/09/2019
19,1906214,Y,19/09/2019,17/09/2019
19,1906218,Y,06/09/2019,06/09/2019
19,1906219,,,06/09/2019
19,1906235,,,17/09/2019
19,1906235,,,17/09/2019
19,1906236,Y,20/09/2019,17/09/2019
19,1906236,Y,20/09/2019,17/09/2019
19,1906237,Y,19/09/2019,17/09/2019
19,1906237,Y,19/09/2019,17/09/2019
19,1906238,Y,16/09/2019,12/09/2019
19,1906238,Y,16/09/2019,12/09/2019
19,1906239,Y,14/09/2019,12/09/2019
19,1906239,Y,14/09/2019,12/09/2019
19,1906240,Y,12/09/2019,12/09/2019
19,1906240,Y,12/09/2019,12/09/2019
19,1906241,Y,20/09/2019,12/09/2019
19,1906241,Y,20/09/2019,12/09/2019
19,1906242,Y,18/09/2019,17/09/2019
19,1906242,Y,18/09/2019,17/09/2019
19,1906243,Y,23/09/2019,17/09/2019
19,1906243,Y,23/09/2019,17/09/2019
19,1906244,Y,23/09/2019,17/09/2019
19,1906244,Y,23/09/2019,17/09/2019
19,1906245,Y,19/09/2019,17/09/2019
19,1906245,Y,19/09/2019,17/09/2019
19,1906246,Y,09/09/2019,09/09/2019
19,1906247,Y,28/08/2019,28/08/2019
19,1906248,Y,19/09/2019,17/09/2019
19,1906248,Y,19/09/2019,17/09/2019
19,1906249,,,17/09/2019
19,1906249,,,17/09/2019
19,1906250,Y,23/09/2019,17/09/2019
19,1906250,Y,23/09/2019,17/09/2019
19,1906256,,,17/09/2019
19,1906256,,,17/09/2019
19,1906259,Y,04/09/2019,02/09/2019
19,1906260,Y,24/08/2019,23/08/2019
19,1906263,Y,23/08/2019,22/08/2019
19,1906264,Y,28/08/2019,23/08/2019
19,1906265,Y,03/09/2019,02/09/2019
19,1906266,Y,06/09/2019,02/09/2019
19,1906267,Y,28/08/2019,23/08/2019
19,1906268,Y,22/08/2019,22/08/2019
19,1906269,Y,27/08/2019,27/08/2019
19,1906270,Y,05/09/2019,02/09/2019
19,1906271,Y,12/09/2019,27/08/2019
19,1906272,Y,22/08/2019,22/08/2019
19,1906273,Y,23/08/2019,23/08/2019
19,1906274,Y,23/08/2019,22/08/2019
19,1906275,Y,08/09/2019,02/09/2019
19,1906276,Y,04/09/2019,02/09/2019
19,1906277,Y,02/09/2019,23/08/2019
19,1906278,Y,23/08/2019,22/08/2019
19,1906279,Y,29/08/2019,22/08/2019
19,1906280,,,28/08/2019
19,1906281,Y,23/08/2019,23/08/2019
19,1906282,Y,04/09/2019,28/08/2019
19,1906283,Y,13/09/2019,13/09/2019
19,1906284,Y,02/09/2019,02/09/2019
19,1906285,Y,09/09/2019,02/09/2019
19,1906286,Y,11/09/2019,02/09/2019
19,1906287,Y,27/08/2019,22/08/2019
19,1906288,Y,10/09/2019,02/09/2019
19,1906289,Y,23/08/2019,22/08/2019
19,1906290,,,22/08/2019
19,1906291,,,02/09/2019
19,1906292,Y,02/09/2019,02/09/2019
19,1906293,Y,02/09/2019,02/09/2019
19,1906294,Y,27/08/2019,23/08/2019
19,1906295,Y,03/09/2019,02/09/2019
19,1906296,Y,03/09/2019,22/08/2019
19,1906297,Y,09/09/2019,22/08/2019
19,1906298,Y,25/08/2019,23/08/2019
19,1906299,Y,03/09/2019,02/09/2019
19,1906301,,,19/09/2019
19,1906305,,,17/09/2019
19,1906306,Y,27/08/2019,22/08/2019
19,1906307,Y,22/08/2019,22/08/2019
19,1906308,Y,10/09/2019,09/09/2019
19,1906313,Y,28/08/2019,20/08/2019
19,1906313,Y,28/08/2019,20/08/2019
19,1906314,Y,04/09/2019,20/08/2019
19,1906314,Y,04/09/2019,20/08/2019
19,1906315,Y,21/08/2019,20/08/2019
19,1906315,Y,21/08/2019,20/08/2019
19,1906316,Y,13/09/2019,11/09/2019
19,1906317,Y,09/09/2019,02/09/2019
19,1906318,Y,02/09/2019,22/08/2019
19,1906319,Y,27/09/2019,23/09/2019
19,1906320,Y,27/08/2019,27/08/2019
19,1906321,Y,24/08/2019,23/08/2019
19,1906322,Y,24/08/2019,22/08/2019
19,1906323,Y,09/09/2019,02/09/2019
19,1906324,Y,22/08/2019,22/08/2019
19,1906325,Y,07/09/2019,02/09/2019
19,1906326,Y,24/08/2019,22/08/2019
19,1906327,Y,03/09/2019,02/09/2019
19,1906329,Y,20/09/2019,28/08/2019
19,1906331,Y,09/09/2019,29/08/2019
19,1906333,Y,19/09/2019,17/09/2019
19,1906333,Y,19/09/2019,17/09/2019
19,1906334,Y,20/09/2019,12/09/2019
19,1906334,Y,20/09/2019,12/09/2019
19,1906335,Y,19/09/2019,17/09/2019
19,1906335,Y,19/09/2019,17/09/2019
19,1906336,Y,17/09/2019,17/09/2019
19,1906336,Y,17/09/2019,17/09/2019
19,1906337,Y,19/09/2019,17/09/2019
19,1906337,Y,19/09/2019,17/09/2019
19,1906343,,,22/08/2019
19,1906349,Y,14/09/2019,03/09/2019
19,1906350,Y,18/09/2019,03/09/2019
19,1906351,Y,12/09/2019,11/09/2019
19,1906352,Y,06/09/2019,05/09/2019
19,1906353,,,28/08/2019
19,1906354,Y,03/09/2019,02/09/2019
19,1906356,Y,22/08/2019,22/08/2019
19,1906359,Y,15/09/2019,12/09/2019
19,1906359,Y,15/09/2019,12/09/2019
19,1906363,,,28/08/2019
19,1906364,Y,19/09/2019,28/08/2019
19,1906365,Y,03/09/2019,22/08/2019
19,1906366,,,11/09/2019
19,1906368,Y,02/09/2019,02/09/2019
19,1906369,,,28/08/2019
19,1906370,Y,09/09/2019,28/08/2019
19,1906372,Y,11/09/2019,02/09/2019
19,1906373,,,28/08/2019
19,1906375,Y,10/09/2019,02/09/2019
19,1906377,Y,12/09/2019,28/08/2019
19,1906378,Y,09/09/2019,02/09/2019
19,1906381,Y,15/09/2019,09/09/2019
19,1906382,Y,05/09/2019,02/09/2019
19,1906383,Y,16/09/2019,09/09/2019
19,1906384,,,17/09/2019
19,1906384,,,17/09/2019
19,1906387,Y,19/09/2019,17/09/2019
19,1906387,Y,19/09/2019,17/09/2019
19,1906388,Y,07/09/2019,06/09/2019
19,1906389,Y,14/09/2019,06/09/2019
19,1906389,Y,14/09/2019,06/09/2019
19,1906391,Y,23/09/2019,17/09/2019
19,1906391,Y,23/09/2019,17/09/2019
19,1906392,,,03/09/2019
19,1906393,Y,16/09/2019,03/09/2019
19,1906394,Y,20/09/2019,18/09/2019
19,1906395,,,28/08/2019
19,1906396,Y,03/09/2019,02/09/2019
19,1906397,Y,31/08/2019,30/08/2019
19,1906398,Y,13/09/2019,13/09/2019
19,1906403,,,29/08/2019
19,1906404,,,18/09/2019
19,1906405,,,23/09/2019
19,1906406,Y,15/09/2019,11/09/2019
19,1906408,Y,10/09/2019,03/09/2019
19,1906409,Y,16/09/2019,03/09/2019
19,1906410,Y,05/09/2019,03/09/2019
19,1906411,Y,10/09/2019,02/09/2019
19,1906412,Y,10/09/2019,02/09/2019
19,1906413,,,10/09/2019
19,1906417,Y,11/09/2019,10/09/2019
19,1906419,Y,11/09/2019,10/09/2019
19,1906423,Y,30/08/2019,28/08/2019
19,1906424,Y,10/09/2019,09/09/2019
19,1906427,Y,20/09/2019,16/09/2019
19,1906430,,,30/08/2019
19,1906431,,,30/08/2019
19,1906432,Y,19/09/2019,30/08/2019
19,1906433,,,30/08/2019
19,1906434,,,30/08/2019
19,1906435,,,30/08/2019
19,1906436,Y,16/09/2019,30/08/2019
19,1906437,,,30/08/2019
19,1906438,,,30/08/2019
19,1906439,Y,17/09/2019,30/08/2019
19,1906449,Y,09/09/2019,02/09/2019
19,1906450,Y,25/09/2019,02/09/2019
19,1906451,,,02/09/2019
19,1906452,Y,09/09/2019,02/09/2019
19,1906453,Y,05/09/2019,02/09/2019
19,1906454,,,02/09/2019
19,1906455,Y,16/09/2019,05/09/2019
19,1906456,Y,09/09/2019,05/09/2019
19,1906458,,,02/09/2019
19,1906462,,,12/09/2019
19,1906463,,,02/09/2019
19,1906464,,,02/09/2019
19,1906465,Y,09/09/2019,02/09/2019
19,1906467,Y,08/09/2019,02/09/2019
19,1906468,,,02/09/2019
19,1906469,Y,19/09/2019,02/09/2019
19,1906470,Y,16/09/2019,16/09/2019
19,1906471,Y,09/09/2019,02/09/2019
19,1906472,Y,20/09/2019,16/09/2019
19,1906474,,,03/09/2019
19,1906475,Y,05/09/2019,03/09/2019
19,1906476,Y,05/09/2019,05/09/2019
19,1906477,Y,21/09/2019,09/09/2019
19,1906479,Y,19/09/2019,17/09/2019
19,1906504,Y,10/09/2019,09/09/2019
19,1906522,Y,19/09/2019,17/09/2019
19,1906522,Y,19/09/2019,17/09/2019
19,1906523,Y,19/09/2019,17/09/2019
19,1906523,Y,19/09/2019,17/09/2019
19,1906524,Y,16/09/2019,09/09/2019
19,1906525,Y,09/09/2019,09/09/2019
19,1906526,,,16/09/2019
19,1906527,,,16/09/2019
19,1906528,Y,18/09/2019,17/09/2019
19,1906528,Y,18/09/2019,17/09/2019
19,1906529,,,17/09/2019
19,1906529,,,17/09/2019
19,1906530,Y,18/09/2019,17/09/2019
19,1906530,Y,18/09/2019,17/09/2019
19,1906531,Y,22/09/2019,17/09/2019
19,1906531,Y,22/09/2019,17/09/2019
19,1906532,Y,23/09/2019,17/09/2019
19,1906532,Y,23/09/2019,17/09/2019
19,1906533,,,17/09/2019
19,1906533,,,17/09/2019
19,1906534,,,17/09/2019
19,1906534,,,17/09/2019
19,1906535,Y,18/09/2019,17/09/2019
19,1906535,Y,18/09/2019,17/09/2019
19,1906536,,,17/09/2019
19,1906536,,,17/09/2019
19,1906537,Y,19/09/2019,11/09/2019
19,1906538,Y,11/09/2019,11/09/2019
19,1906545,Y,12/09/2019,10/09/2019
19,1906546,Y,12/09/2019,10/09/2019
19,1906547,Y,16/09/2019,10/09/2019
19,1906548,Y,11/09/2019,10/09/2019
19,1906551,Y,16/09/2019,09/09/2019
19,1906552,,,09/09/2019
19,1906553,Y,19/09/2019,16/09/2019
19,1906554,Y,13/09/2019,09/09/2019
19,1906560,Y,17/09/2019,16/09/2019
19,1906561,Y,24/09/2019,16/09/2019
19,1906562,Y,20/09/2019,16/09/2019
19,1906563,Y,18/09/2019,12/09/2019
19,1906565,Y,13/09/2019,12/09/2019
19,1906566,,,12/09/2019
19,1906567,Y,13/09/2019,12/09/2019
19,1906568,Y,23/09/2019,17/09/2019
19,1906568,Y,23/09/2019,17/09/2019
19,1906570,Y,13/09/2019,12/09/2019
19,1906571,,,17/09/2019
19,1906572,Y,17/09/2019,16/09/2019
19,1906576,Y,16/09/2019,12/09/2019
19,1906577,Y,17/09/2019,12/09/2019
19,1906578,Y,23/09/2019,17/09/2019
19,1906578,Y,23/09/2019,17/09/2019
19,1906579,Y,18/09/2019,17/09/2019
19,1906579,Y,18/09/2019,17/09/2019
19,1906580,Y,18/09/2019,17/09/2019
19,1906580,Y,18/09/2019,17/09/2019
19,1906581,Y,23/09/2019,17/09/2019
19,1906581,Y,23/09/2019,17/09/2019
19,1906582,Y,23/09/2019,17/09/2019
19,1906582,Y,23/09/2019,17/09/2019
19,1906583,Y,22/09/2019,17/09/2019
19,1906583,Y,22/09/2019,17/09/2019
19,1906584,Y,17/09/2019,12/09/2019
19,1906585,Y,24/09/2019,17/09/2019
19,1906585,Y,24/09/2019,17/09/2019
19,1906586,Y,18/09/2019,17/09/2019
19,1906586,Y,18/09/2019,17/09/2019
19,1906589,Y,19/09/2019,12/09/2019
19,1906590,Y,14/09/2019,12/09/2019
19,1906591,,,23/09/2019
19,1906592,Y,19/09/2019,17/09/2019
19,1906594,Y,19/09/2019,17/09/2019
19,1906594,Y,19/09/2019,17/09/2019
19,1906595,Y,18/09/2019,17/09/2019
19,1906596,Y,22/09/2019,19/09/2019
19,1906598,Y,19/09/2019,18/09/2019
19,1906599,Y,20/09/2019,18/09/2019
19,1906600,Y,24/09/2019,18/09/2019
19,1906601,,,18/09/2019
19,1906602,Y,21/09/2019,19/09/2019
19,1906618,Y,19/09/2019,19/09/2019
19,1906619,,,26/09/2019
19,1906620,Y,20/09/2019,19/09/2019
19,1906621,Y,20/09/2019,19/09/2019
19,1906624,Y,23/09/2019,19/09/2019
19,1906625,,,19/09/2019
19,1906626,,,19/09/2019
19,1906627,,,19/09/2019
19,1906628,,,19/09/2019
19,1906629,Y,26/09/2019,19/09/2019
19,1906630,,,19/09/2019
19,1906631,Y,23/09/2019,20/09/2019
19,1906648,,,25/09/2019
19,1906650,,,25/09/2019
19,1906651,Y,25/09/2019,23/09/2019
19,1906652,,,24/09/2019
19,1906653,,,24/09/2019
19,1906654,Y,25/09/2019,24/09/2019
19,1906659,,,25/09/2019
19,1906660,,,25/09/2019
19,1906661,,,25/09/2019
19,1906674,,,26/09/2019
19,1906675,,,26/09/2019
19,1906676,,,26/09/2019
19,92215720,Y,18/09/2019,17/09/2019
19,92D26204,,,17/09/2019
19,94185913,Y,09/09/2019,02/09/2019
19,97151363,Y,08/09/2019,02/09/2019